timestamps,open,high,low,close,volume,amount
2020-01-01 00:00:00,7165.72,7238.14,7136.05,7174.33,3350.63004888,24052698.84368801
2020-01-02 00:00:00,7174.33,7186.18,6903.0,6945.02,8010.92738748,56494121.384387806
2020-01-03 00:00:00,6945.02,7401.2,6854.67,7334.45,14056.39238489,100275983.96906175
2020-01-04 00:00:00,7334.45,7398.0,7263.32,7348.63,4742.46620989,34791206.36237403
2020-01-05 00:00:00,7348.63,7488.87,7312.22,7355.4,5942.01494574,43829966.00396305
2020-01-06 00:00:00,7355.4,7805.0,7343.17,7764.63,11770.42968139,89067429.92056221
2020-01-07 00:00:00,7764.63,8216.0,7723.0,8158.52,19857.45754518,158175322.73078924
2020-01-08 00:00:00,8160.01,8469.39,7845.0,8045.51,23927.67532995,194531462.0597986
2020-01-09 00:00:00,8047.75,8048.67,7744.48,7813.78,9477.65983784,75003072.32891928
2020-01-10 00:00:00,7813.78,8199.77,7671.0,8198.09,13419.69851238,106963854.14468677
2020-01-11 00:00:00,8198.09,8290.0,8000.01,8020.0,7557.36879269,61418925.11241145
2020-01-12 00:00:00,8017.47,8185.0,7963.25,8180.81,3920.74009838,31705584.303612906
2020-01-13 00:00:00,8180.81,8195.81,8041.95,8104.5,6678.02840315,54297496.304408915
2020-01-14 00:00:00,8105.6,8893.69,8105.23,8815.69,27075.8082207,229604275.19146758
2020-01-15 00:00:00,8812.58,8900.0,8550.0,8808.81,14977.61979023,131321486.23371862
2020-01-16 00:00:00,8808.81,8850.0,8580.0,8714.76,9265.76423506,80967884.69841655
2020-01-17 00:00:00,8714.77,9013.0,8665.67,8899.42,15447.36512517,136295423.68287683
2020-01-18 00:00:00,8899.42,8980.0,8800.1,8909.32,5600.21827844,49826318.06911915
2020-01-19 00:00:00,8908.95,9194.99,8465.0,8697.53,15218.51476182,134175823.57307056
2020-01-20 00:00:00,8697.53,8734.84,8504.06,8628.89,5605.80561385,48441616.22513042
2020-01-21 00:00:00,8628.89,8774.31,8465.0,8722.03,7520.65103045,65035262.22325061
2020-01-22 00:00:00,8722.03,8791.76,8565.0,8660.38,5481.36960818,47604557.6628496
2020-01-23 00:00:00,8660.38,8665.0,8278.0,8385.22,12206.24491133,103718293.94830771
2020-01-24 00:00:00,8385.21,8509.99,8216.71,8427.26,8634.96792308,72402414.27918175
2020-01-25 00:00:00,8427.58,8437.76,8252.73,8326.81,3783.20831697,31632237.0440159
2020-01-26 00:00:00,8326.8,8595.0,8278.68,8595.0,5497.32293973,46446166.8657966
2020-01-27 00:00:00,8595.0,8985.0,8556.6,8895.96,9548.60475006,83628017.20569049
2020-01-28 00:00:00,8895.95,9418.91,8880.87,9394.5,17578.54006083,160800705.97249594
2020-01-29 00:00:00,9391.14,9439.83,9224.75,9288.44,12233.05063864,114208250.08436859
2020-01-30 00:00:00,9287.9,9574.68,9171.11,9503.08,12948.39766745,121510256.2779018
2020-01-31 00:00:00,9502.71,9522.5,9195.49,9334.98,9719.06131452,91251489.1571231
2020-02-01 00:00:00,9334.98,9458.08,9285.01,9380.18,4387.41986202,41086267.51162767
2020-02-02 00:00:00,9380.18,9480.0,9140.0,9323.5,7307.92291459,68189644.08220612
2020-02-03 00:00:00,9325.01,9619.95,9220.0,9280.49,11910.28572971,111496502.19439232
2020-02-04 00:00:00,9280.49,9350.0,9078.05,9164.33,8190.74898707,75504105.65071593
2020-02-05 00:00:00,9164.33,9769.7,9150.0,9613.82,13267.06193659,125034927.70656984
2020-02-06 00:00:00,9613.91,9857.0,9521.47,9763.01,12672.13678163,122778400.77635388
2020-02-07 00:00:00,9763.01,9885.0,9713.99,9808.05,8516.62840515,83399190.11528645
2020-02-08 00:00:00,9807.92,9955.0,9653.47,9905.64,8100.97112281,79636657.38006712
2020-02-09 00:00:00,9905.64,10178.91,9888.76,10168.35,9649.74938704,96839239.74494201
2020-02-10 00:00:00,10168.36,10199.0,9736.0,9851.78,13249.58715176,132347277.39769302
2020-02-11 00:00:00,9851.78,10400.0,9706.0,10270.01,16722.06581913,168172938.0345349
2020-02-12 00:00:00,10270.01,10483.86,10250.0,10351.13,13740.9848527,142064607.14585212
2020-02-13 00:00:00,10351.13,10522.51,10083.1,10236.49,17101.28534969,176114295.17635262
2020-02-14 00:00:00,10236.49,10395.66,10102.5,10371.33,8026.49620683,82484248.13700747
2020-02-15 00:00:00,10371.33,10400.0,9750.0,9911.22,12323.28859704,124565495.59106243
2020-02-16 00:00:00,9911.22,10048.34,9612.12,9921.0,9430.32887897,93107240.17798023
2020-02-17 00:00:00,9920.52,9969.38,9467.0,9700.0,10144.62802455,99054430.57301173
2020-02-18 00:00:00,9700.0,10298.25,9610.27,10188.04,11606.56132767,115475303.56757471
2020-02-19 00:00:00,10188.04,10315.0,9280.98,9600.08,16637.05014888,163808811.69212618
2020-02-20 00:00:00,9593.48,9698.1,9393.39,9610.05,12382.01006133,118542330.73470841
2020-02-21 00:00:00,9610.05,9769.66,9566.98,9695.66,7073.36617743,68332872.87660304
2020-02-22 00:00:00,9695.66,9722.97,9575.01,9668.23,3301.24362823,31908062.998239145
2020-02-23 00:00:00,9668.23,10025.66,9667.13,9965.01,5631.93728472,55370433.65425432
2020-02-24 00:00:00,9965.0,10030.0,9474.74,9660.0,11274.83220813,110295313.21193819
2020-02-25 00:00:00,9660.0,9681.56,9230.0,9305.0,9370.80406077,88733455.56399964
2020-02-26 00:00:00,9304.99,9375.36,8602.0,8778.3,21610.46289952,194821834.73939395
2020-02-27 00:00:00,8778.3,8972.92,8520.0,8812.49,14781.02020263,129643256.57330303
2020-02-28 00:00:00,8814.9,8899.94,8428.8,8708.89,13643.28590301,118875757.80830829
2020-02-29 00:00:00,8708.61,8799.0,8520.67,8525.07,5142.70830477,44424450.00065611
2020-03-01 00:00:00,8523.33,8752.34,8400.0,8522.31,7353.13960471,62865630.28477011
2020-03-02 00:00:00,8522.3,8973.45,8487.33,8915.0,10216.69254477,89135738.44069676
2020-03-03 00:00:00,8919.21,8927.45,8635.31,8757.84,9152.7069265,80634913.26888599
2020-03-04 00:00:00,8757.83,8847.0,8670.57,8760.66,5688.58509691,49826402.19261114
2020-03-05 00:00:00,8759.99,9174.24,8759.99,9070.17,10073.31421239,90066484.52111469
2020-03-06 00:00:00,9070.18,9182.08,9000.01,9158.51,6422.12885254,58458680.1953716
2020-03-07 00:00:00,9158.51,9214.67,8850.47,8901.37,6478.25334502,58506757.913478605
2020-03-08 00:00:00,8901.36,8901.37,8002.2,8037.76,16591.91410216,140378751.36650732
2020-03-09 00:00:00,8037.73,8187.03,7630.0,7934.52,25563.61417462,203162222.20224103
2020-03-10 00:00:00,7934.56,8158.25,7733.56,7894.68,17172.47130109,136182205.19136027
2020-03-11 00:00:00,7894.68,7987.97,7583.27,7938.05,13647.86513876,107149286.84541622
2020-03-12 00:00:00,7938.05,7969.45,4644.0,4857.1,113902.20332904,723523880.8765614
2020-03-13 00:00:00,4857.1,5995.0,3858.0,5637.6,130316.64684438,662911008.7488477
2020-03-14 00:00:00,5630.93,5669.0,5050.0,5165.25,32760.12278053,176209984.61130086
2020-03-15 00:00:00,5161.16,5985.0,5085.91,5345.35,43763.76236813,236077270.3493339
2020-03-16 00:00:00,5346.86,5350.3,4432.3,5037.61,80184.03685247,404269271.0215855
2020-03-17 00:00:00,5039.95,5569.44,4935.6,5331.71,44347.15487325,231455562.03559458
2020-03-18 00:00:00,5331.71,5452.82,5001.0,5413.64,37513.03523454,198811302.78825083
2020-03-19 00:00:00,5413.88,6441.37,5261.69,6186.26,54666.67461085,318477112.9478899
2020-03-20 00:00:00,6183.82,6990.0,5657.0,6206.1,53024.40103701,331891921.7028841
2020-03-21 00:00:00,6210.47,6470.0,5851.0,6198.78,23514.96653599,145382750.29416665
2020-03-22 00:00:00,6198.64,6420.0,5738.0,5818.25,28089.48698286,169765064.4917681
2020-03-23 00:00:00,5815.24,6641.03,5678.2,6490.63,42437.97070062,261259818.0749594
2020-03-24 00:00:00,6493.58,6866.1,6403.16,6766.64,40618.19870698,269394922.55821294
2020-03-25 00:00:00,6766.0,6983.31,6470.0,6690.96,31266.36827545,210346603.05294847
2020-03-26 00:00:00,6691.71,6795.0,6520.13,6758.18,17456.11705058,116803330.49527869
2020-03-27 00:00:00,6760.0,6880.0,6260.0,6372.36,20458.24402051,134371587.96867153
2020-03-28 00:00:00,6372.36,6372.36,6030.0,6251.82,20353.8748456,127346765.74460055
2020-03-29 00:00:00,6251.45,6279.96,5870.46,5877.21,16111.23637843,97791499.23270305
2020-03-30 00:00:00,5878.98,6631.23,5853.0,6406.4,23659.80264153,146511021.02691698
2020-03-31 00:00:00,6406.4,6524.79,6333.91,6424.35,11939.0253308,76676748.57108
2020-04-01 00:00:00,6424.02,6744.99,6160.0,6666.11,17900.2508585,116329792.27420264
2020-04-02 00:00:00,6666.11,7292.11,6570.92,6804.52,28761.00804113,196535903.76337835
2020-04-03 00:00:00,6804.24,7050.0,6606.06,6741.99,14953.17963657,101690182.22401793
2020-04-04 00:00:00,6741.99,7025.53,6658.16,6874.77,10217.67907796,69736809.19597328
2020-04-05 00:00:00,6874.77,6925.0,6681.0,6778.25,8962.91059819,61080039.81356829
2020-04-06 00:00:00,6778.64,7373.37,6773.28,7341.56,27992.01318781,197811509.4944618
2020-04-07 00:00:00,7341.55,7466.0,7073.0,7200.01,22743.06622044,165345275.45186964
2020-04-08 00:00:00,7200.01,7430.0,7154.22,7370.11,15429.12191833,112456466.57711126
2020-04-09 00:00:00,7370.38,7377.0,7110.0,7293.24,12369.84267516,90147145.82084316
2020-04-10 00:00:00,7293.23,7305.91,6750.0,6871.91,19671.19020798,138785410.6047285
2020-04-11 00:00:00,6871.83,6955.0,6775.0,6889.65,8066.07536876,55437087.41968955
2020-04-12 00:00:00,6889.78,7200.0,6787.44,6908.13,12733.98839119,88454581.08628777
2020-04-13 00:00:00,6908.12,6908.13,6555.0,6861.21,22323.76661709,151982770.3623097
2020-04-14 00:00:00,6860.51,6997.38,6771.41,6877.37,12868.6061641,88493125.77896613
2020-04-15 00:00:00,6876.92,6940.0,6605.89,6624.12,14753.81361034,99761340.98797831
2020-04-16 00:00:00,6623.62,7217.27,6456.0,7112.64,28117.55707545,192672256.04656476
2020-04-17 00:00:00,7114.76,7156.66,7000.0,7037.46,13514.57644149,95645630.68324186
2020-04-18 00:00:00,7036.45,7308.0,7021.0,7261.76,11510.52116868,82378526.67631194
2020-04-19 00:00:00,7262.04,7275.0,7063.02,7130.71,8887.88875146,63838971.875946105
2020-04-20 00:00:00,7130.7,7227.11,6748.72,6838.19,18396.60555727,128521997.8120885
2020-04-21 00:00:00,6837.22,6959.0,6776.0,6853.68,14467.84248756,99198400.31989296
2020-04-22 00:00:00,6853.67,7167.37,6826.0,7136.84,13141.14072302,91935026.26402624
2020-04-23 00:00:00,7136.81,7775.0,7031.14,7488.83,22759.36481812,167462154.56666195
2020-04-24 00:00:00,7491.5,7612.24,7390.0,7514.64,13764.56695369,103263088.92044297
2020-04-25 00:00:00,7514.99,7720.0,7437.94,7547.61,7443.79619621,56238885.17485304
2020-04-26 00:00:00,7547.61,7715.0,7490.0,7706.4,9292.64077746,70761159.59176548
2020-04-27 00:00:00,7706.4,7810.99,7635.69,7789.77,15455.7361195,119561131.09631763
2020-04-28 00:00:00,7789.77,7794.74,7672.0,7755.01,10984.76643504,85163575.99889292
2020-04-29 00:00:00,7757.18,8988.0,7720.0,8793.75,48689.75030108,404842249.24527466
2020-04-30 00:00:00,8794.99,9478.66,8407.0,8624.28,44843.9646793,395803258.48128974
2020-05-01 00:00:00,8624.68,9075.98,8622.72,8829.42,21660.21988892,190354344.42780674
2020-05-02 00:00:00,8829.42,9025.0,8762.01,8985.58,10539.26528999,93804757.06171922
2020-05-03 00:00:00,8984.69,9203.52,8731.01,8909.95,17147.65372312,153596550.08669987
2020-05-04 00:00:00,8907.85,8970.0,8533.98,8883.53,18380.62654424,162187707.72612667
2020-05-05 00:00:00,8887.81,9126.27,8769.69,9028.79,16392.29936609,146762551.14651504
2020-05-06 00:00:00,9028.78,9418.0,8922.13,9155.79,27650.87868274,252485012.1558684
2020-05-07 00:00:00,9155.79,10079.0,9028.89,10004.77,39447.57511824,377399389.0084028
2020-05-08 00:00:00,10000.37,10049.0,9730.0,9810.0,26363.71688893,260930735.6227747
2020-05-09 00:00:00,9810.01,9920.73,9521.0,9537.21,17931.1748552,173882861.22490248
2020-05-10 00:00:00,9537.21,9559.98,8106.7,8729.86,50909.84429757,457345404.3819515
2020-05-11 00:00:00,8729.86,9182.66,8185.0,8572.4,39999.37731433,346693802.88440895
2020-05-12 00:00:00,8572.4,8982.9,8534.85,8821.42,20219.23699186,176471326.89697745
2020-05-13 00:00:00,8821.41,9420.18,8803.97,9321.26,21357.63022841,194177273.53578633
2020-05-14 00:00:00,9320.85,9943.93,9257.15,9795.34,28752.36041568,275427989.29623073
2020-05-15 00:00:00,9795.34,9849.0,9120.0,9312.1,25180.97967322,239700515.41714525
2020-05-16 00:00:00,9312.1,9594.99,9215.01,9383.16,10782.32773503,101098501.27687779
2020-05-17 00:00:00,9380.01,9896.0,9325.81,9676.63,13540.66294076,129578897.33618364
2020-05-18 00:00:00,9677.45,9957.25,9436.97,9728.52,17710.29958398,171790747.20383623
2020-05-19 00:00:00,9728.52,9898.0,9463.22,9783.76,15229.62610784,148007217.62577957
2020-05-20 00:00:00,9783.57,9836.99,9294.54,9509.41,16895.54925055,162300800.28331274
2020-05-21 00:00:00,9509.4,9568.0,8800.0,9061.96,28081.22890941,259325655.98177585
2020-05-22 00:00:00,9059.32,9267.34,8923.5,9168.84,13731.91887098,125025688.34055516
2020-05-23 00:00:00,9168.84,9313.83,9090.11,9181.76,6878.84791748,63207222.73423385
2020-05-24 00:00:00,9181.09,9306.23,8680.7,8715.73,13004.34567862,116661172.3112951
2020-05-25 00:00:00,8715.69,8977.0,8632.93,8899.31,12328.24203695,108565365.69365528
2020-05-26 00:00:00,8900.0,9016.99,8694.23,8844.42,11507.43097855,102000832.52507913
2020-05-27 00:00:00,8844.41,9230.0,8811.46,9208.53,10936.67835282,98688210.78450654
2020-05-28 00:00:00,9208.53,9625.0,9112.0,9580.19,14511.07649252,136134648.3392219
2020-05-29 00:00:00,9580.01,9609.02,9330.01,9423.84,10415.42644355,98797818.92411113
2020-05-30 00:00:00,9423.85,9764.0,9326.43,9700.33,10509.69814742,100406003.98034446
2020-05-31 00:00:00,9700.32,9705.6,9369.58,9446.57,7944.71669301,75915879.39259918
2020-06-01 00:00:00,9445.83,10428.0,9417.42,10208.96,21676.60828748,214057644.8608001
2020-06-02 00:00:00,10208.96,10237.6,9270.0,9522.46,33220.58268645,325885777.11131626
2020-06-03 00:00:00,9521.53,9695.0,9385.22,9668.07,11446.72193696,109515997.02937764
2020-06-04 00:00:00,9668.06,9888.0,9450.0,9788.03,12441.27298837,120661966.00634867
2020-06-05 00:00:00,9791.96,9855.0,9585.44,9613.21,12495.89785858,121352693.70355846
2020-06-06 00:00:00,9613.42,9735.13,9526.03,9671.7,6501.31731671,62650399.41468809
2020-06-07 00:00:00,9670.28,9822.0,9370.0,9750.12,11628.94527829,112255371.6658612
2020-06-08 00:00:00,9750.12,9815.0,9632.79,9781.51,8533.83614916,83160995.8673226
2020-06-09 00:00:00,9781.51,9886.0,9567.33,9779.41,10329.87714811,100753102.38141264
2020-06-10 00:00:00,9779.7,10018.67,9690.0,9894.04,12965.42597405,127652430.38367163
2020-06-11 00:00:00,9894.35,9973.25,9050.0,9268.16,26779.8793933,255652511.83537483
2020-06-12 00:00:00,9268.16,9552.87,9227.0,9464.17,10992.51647836,103088369.15988399
2020-06-13 00:00:00,9464.71,9494.45,9346.0,9475.0,4581.79206303,43275209.30700087
2020-06-14 00:00:00,9475.0,9481.0,9240.0,9325.0,4829.79726322,45304705.7783194
2020-06-15 00:00:00,9328.63,9499.0,8895.01,9432.53,18589.28586581,172672019.13069195
2020-06-16 00:00:00,9432.57,9592.04,9381.0,9526.25,10345.29526997,98104072.95979106
2020-06-17 00:00:00,9526.25,9558.48,9227.03,9457.51,8937.92623229,84394737.27686094
2020-06-18 00:00:00,9457.51,9482.66,9267.18,9376.14,6300.5664912,59199319.42908757
2020-06-19 00:00:00,9376.14,9430.0,9229.0,9301.91,7871.9637482,73478976.0161827
2020-06-20 00:00:00,9300.42,9391.71,9161.0,9355.74,6900.60934146,64190968.97679268
2020-06-21 00:00:00,9355.74,9419.35,9273.0,9286.14,3088.66849893,28828265.033201844
2020-06-22 00:00:00,9286.14,9792.0,9267.58,9690.74,11775.73858785,111976852.44180326
2020-06-23 00:00:00,9690.67,9724.53,9572.22,9623.56,7946.97355694,76710109.26688479
2020-06-24 00:00:00,9623.56,9663.38,9195.0,9285.91,13410.75869027,126623880.65007846
2020-06-25 00:00:00,9285.94,9335.0,8979.07,9243.51,13529.05626726,124614513.79097982
2020-06-26 00:00:00,9242.98,9291.73,9027.62,9155.42,10702.37319002,98241765.79946421
2020-06-27 00:00:00,9155.42,9188.14,8815.01,9002.46,8507.26840968,76907897.0451227
2020-06-28 00:00:00,9002.38,9189.0,8931.77,9113.24,5537.7575057,50167085.175493106
2020-06-29 00:00:00,9113.23,9236.75,9014.0,9184.45,8658.42672493,79112975.76655833
2020-06-30 00:00:00,9188.79,9201.0,9059.6,9136.2,6820.86740899,62386364.617417604
2020-07-01 00:00:00,9135.91,9297.2,9088.0,9239.97,7550.15999655,69388008.91149357
2020-07-02 00:00:00,9239.41,9265.0,8938.0,9091.53,10774.18558946,98405862.46854907
2020-07-03 00:00:00,9091.98,9126.12,9036.74,9063.87,7738.46972112,70262809.41128454
2020-07-04 00:00:00,9059.73,9195.84,9039.84,9138.51,5300.78823324,48282123.60670187
2020-07-05 00:00:00,9138.51,9145.0,8905.84,9074.39,4601.32645918,41715326.59270604
2020-07-06 00:00:00,9074.37,9375.9,9061.59,9343.31,9959.28200198,91762757.81522831
2020-07-07 00:00:00,9343.31,9379.34,9201.57,9253.94,6326.83865418,58805054.944822185
2020-07-08 00:00:00,9253.94,9475.0,9232.2,9435.28,10135.31536748,94756127.57868412
2020-07-09 00:00:00,9435.28,9446.62,9154.79,9236.95,8450.14110132,78741879.33995129
2020-07-10 00:00:00,9236.95,9322.23,9118.0,9291.05,6892.47061091,63700609.70309034
2020-07-11 00:00:00,9291.04,9303.04,9182.35,9235.0,3369.21728725,31174887.44546082
2020-07-12 00:00:00,9235.0,9347.53,9159.33,9303.37,5419.21357745,50189003.34893952
2020-07-13 00:00:00,9303.38,9339.61,9193.52,9236.92,8698.43618823,80620216.28345293
2020-07-14 00:00:00,9236.91,9280.0,9100.0,9256.94,7497.56309216,69116004.20646101
2020-07-15 00:00:00,9256.94,9273.98,9154.01,9190.16,7196.32866271,66341316.77675272
2020-07-16 00:00:00,9190.8,9216.02,9005.0,9130.11,8765.69858912,80078886.06118046
2020-07-17 00:00:00,9130.93,9182.99,9054.99,9154.29,6423.74716202,58653950.586972214
2020-07-18 00:00:00,9154.29,9210.0,9122.65,9175.85,4121.62697417,37777586.05308253
2020-07-19 00:00:00,9175.83,9245.03,9105.37,9212.87,3520.07247613,32331073.676946923
2020-07-20 00:00:00,9214.01,9223.51,9131.0,9161.05,5815.33084221,53398650.31052779
2020-07-21 00:00:00,9161.05,9438.0,9157.04,9394.14,9603.9151125,89196913.83246271
2020-07-22 00:00:00,9394.14,9567.77,9277.0,9536.18,10362.35264843,97859700.9765454
2020-07-23 00:00:00,9536.2,9686.0,9450.04,9613.24,12992.9719195,124360541.64114472
2020-07-24 00:00:00,9613.24,9645.55,9475.7,9551.21,9798.89346586,93789373.89146903
2020-07-25 00:00:00,9551.21,9747.76,9536.64,9711.33,6973.11089437,67198021.81465669
2020-07-26 00:00:00,9711.79,10150.0,9661.35,9941.0,11615.0460936,114594451.28607087
2020-07-27 00:00:00,9941.0,11420.0,9935.0,11048.91,41850.57309953,443039687.8370047
2020-07-28 00:00:00,11048.05,11259.0,10575.0,10934.23,26011.37513947,284930424.0740141
2020-07-29 00:00:00,10934.22,11350.0,10843.47,11110.12,18556.27794282,205222274.48541555
2020-07-30 00:00:00,11108.16,11188.65,10811.0,11115.95,12408.70410754,137189888.09071577
2020-07-31 00:00:00,11115.99,11460.0,10975.0,11351.62,15747.02174952,176770594.07005355
2020-08-01 00:00:00,11351.61,11888.0,11237.82,11810.07,18293.12524307,211685758.67215067
2020-08-02 00:00:00,11810.07,12134.29,10546.15,11068.54,28118.42911355,320262229.47642004
2020-08-03 00:00:00,11067.46,11486.6,10911.74,11233.13,13783.34037417,154025141.63779965
2020-08-04 00:00:00,11233.16,11417.11,11006.16,11197.04,12074.47851394,135395564.9476631
2020-08-05 00:00:00,11197.05,11798.87,11073.7,11756.75,16637.78082145,190612274.9756679
2020-08-06 00:00:00,11756.75,11916.68,11580.19,11773.89,18053.08146864,212247867.32432058
2020-08-07 00:00:00,11773.89,11920.0,11350.0,11606.52,23761.51075422,277121054.7259431
2020-08-08 00:00:00,11606.52,11818.18,11529.45,11774.98,7315.88456116,85466230.18085966
2020-08-09 00:00:00,11773.24,11810.24,11532.04,11688.48,7595.96106535,88880340.42566036
2020-08-10 00:00:00,11688.25,12086.22,11470.01,11899.73,22152.58893673,261091576.219219
2020-08-11 00:00:00,11899.87,11943.0,11120.0,11388.53,20706.60991744,239945089.7318071
2020-08-12 00:00:00,11388.88,11625.0,11148.54,11566.45,12809.98917913,146446582.4684606
2020-08-13 00:00:00,11566.44,11802.09,11274.14,11795.95,15369.40392513,178433477.12640512
2020-08-14 00:00:00,11795.95,11865.97,11651.24,11779.0,13797.82000137,162442286.78892905
2020-08-15 00:00:00,11777.5,11989.98,11688.0,11859.24,12567.03859346,148651478.0696884
2020-08-16 00:00:00,11860.02,11940.0,11686.53,11918.84,8911.25397878,105610367.5632794
2020-08-17 00:00:00,11918.84,12486.61,11775.0,12304.26,23814.66050181,288661727.0446781
2020-08-18 00:00:00,12303.98,12400.0,11825.0,11950.0,18628.91287504,225777673.67270166
2020-08-19 00:00:00,11954.22,12024.83,11569.0,11758.87,16646.31489492,196871471.75719723
2020-08-20 00:00:00,11758.87,11892.16,11671.48,11864.26,8801.17750309,103824784.64187053
2020-08-21 00:00:00,11864.26,11884.99,11480.0,11529.22,14865.37875873,173770591.6821785
2020-08-22 00:00:00,11529.99,11693.16,11370.0,11672.93,7946.02465327,91907853.07254052
2020-08-23 00:00:00,11672.92,11715.0,11525.62,11650.01,5516.17048181,64213120.00957101
2020-08-24 00:00:00,11650.01,11823.62,11592.91,11753.85,7253.01922609,84897297.210758
2020-08-25 00:00:00,11753.26,11769.76,11102.73,11324.92,14348.63533296,164832351.78379628
2020-08-26 00:00:00,11324.92,11539.99,11254.89,11463.27,9124.5541845,103981298.02771413
2020-08-27 00:00:00,11463.27,11597.92,11125.0,11330.06,13517.39421459,153815273.60495803
2020-08-28 00:00:00,11330.56,11550.51,11282.09,11535.0,10373.89590327,118516988.70274426
2020-08-29 00:00:00,11535.0,11580.0,11422.21,11474.31,5417.54146196,62317329.33195043
2020-08-30 00:00:00,11474.3,11720.0,11463.87,11716.01,5594.22582376,64856908.827923626
2020-08-31 00:00:00,11716.0,11784.66,11576.0,11655.0,9123.59353747,106590167.79281133
2020-09-01 00:00:00,11655.0,12086.0,11525.09,11924.22,16057.64432384,189441303.3779375
2020-09-02 00:00:00,11924.22,11950.0,11160.0,11395.48,19721.44316904,228915172.47639412
2020-09-03 00:00:00,11395.49,11474.99,10005.0,10172.52,30364.24398441,326779993.7602204
2020-09-04 00:00:00,10172.13,10638.34,9895.22,10500.05,23366.46467779,240708117.05804968
2020-09-05 00:00:00,10500.05,10564.8,9813.0,10168.36,22450.75807716,230379632.67357638
2020-09-06 00:00:00,10169.58,10358.88,10000.0,10257.86,9516.19303239,97032623.55020723
2020-09-07 00:00:00,10258.67,10410.9,9880.0,10375.0,11996.92866276,122742286.711032
2020-09-08 00:00:00,10375.0,10440.91,9819.83,10125.69,15768.31017626,160684717.86697742
2020-09-09 00:00:00,10126.41,10349.99,9983.34,10224.56,9645.50409232,98105145.53579365
2020-09-10 00:00:00,10224.56,10489.0,10216.41,10343.23,11237.01908035,115946933.97677541
2020-09-11 00:00:00,10344.24,10411.44,10200.0,10394.41,7200.29156246,74433176.0334904
2020-09-12 00:00:00,10394.41,10483.23,10276.19,10446.52,6495.30033616,67551691.83484343
2020-09-13 00:00:00,10446.52,10582.36,10211.0,10336.76,10442.19360563,108537831.08789513
2020-09-14 00:00:00,10336.76,10760.62,10253.0,10679.95,13532.95018331,142198590.51951995
2020-09-15 00:00:00,10678.41,10950.0,10613.18,10783.75,12634.3292873,135899078.31451002
2020-09-16 00:00:00,10783.36,11099.95,10662.02,10959.61,11003.70130082,119678841.217524
2020-09-17 00:00:00,10957.06,11044.0,10735.55,10943.61,8885.4490645,97029592.48403856
2020-09-18 00:00:00,10943.99,11039.88,10813.0,10937.52,8660.059472,94685604.59291053
2020-09-19 00:00:00,10937.5,11179.9,10891.78,11080.0,5718.02211829,63025726.60431728
2020-09-20 00:00:00,11081.09,11081.37,10759.37,10920.89,6003.78509052,65805567.16596076
2020-09-21 00:00:00,10920.94,10994.0,10180.0,10416.82,15004.71121349,159469170.4942989
2020-09-22 00:00:00,10416.83,10576.82,10355.0,10531.13,7904.25642443,82757130.02967876
2020-09-23 00:00:00,10531.13,10541.25,10135.22,10235.1,8893.24233647,92139993.54440632
2020-09-24 00:00:00,10237.41,10795.87,10192.56,10740.01,9678.39349807,101540502.44524522
2020-09-25 00:00:00,10740.0,10765.07,10551.0,10690.53,9690.62760986,103560345.54691036
2020-09-26 00:00:00,10690.53,10828.0,10654.58,10730.0,3783.39739972,40579878.70347528
2020-09-27 00:00:00,10730.0,10806.32,10595.24,10778.2,3880.03686062,41622862.620089404
2020-09-28 00:00:00,10779.0,10956.11,10621.22,10695.55,8876.06156838,95532784.37862691
2020-09-29 00:00:00,10694.9,10860.79,10636.13,10840.73,8200.78265336,88225147.39246172
2020-09-30 00:00:00,10839.98,10847.0,10657.04,10779.63,6318.52943807,68119513.00050683
2020-10-01 00:00:00,10779.63,10931.98,10427.75,10617.63,12848.73637335,137343323.15699056
2020-10-02 00:00:00,10616.35,10668.56,10363.76,10573.12,10263.48290265,108335654.94606967
2020-10-03 00:00:00,10573.12,10606.36,10498.02,10551.65,3211.70459291,33906888.752421334
2020-10-04 00:00:00,10550.32,10697.0,10521.87,10671.11,3569.25620166,37870075.99382773
2020-10-05 00:00:00,10670.01,10800.0,10621.12,10795.0,6081.38701926,65201788.57207422
2020-10-06 00:00:00,10796.97,10800.0,10524.0,10602.66,7596.36372031,81136058.23298699
2020-10-07 00:00:00,10601.2,10683.75,10546.78,10670.47,6108.04255109,64901311.52873436
2020-10-08 00:00:00,10670.47,10963.16,10532.11,10933.09,11301.25106194,121767674.57646789
2020-10-09 00:00:00,10932.44,11111.11,10834.49,11057.07,10098.3991552,110918569.42690478
2020-10-10 00:00:00,11057.07,11498.98,11055.75,11299.5,9312.75916488,104562030.1704188
2020-10-11 00:00:00,11299.52,11444.25,11276.28,11374.01,5163.46475688,58597657.24542404
2020-10-12 00:00:00,11374.01,11736.02,11187.6,11535.46,11056.91558046,126693151.73040634
2020-10-13 00:00:00,11535.46,11561.45,11312.59,11428.22,8639.21277154,99000454.01056863
2020-10-14 00:00:00,11428.22,11556.37,11290.83,11427.7,7078.70152873,80879686.35293265
2020-10-15 00:00:00,11427.7,11641.38,11263.15,11509.34,8538.52039637,97854795.1116558
2020-10-16 00:00:00,11509.31,11550.01,11201.0,11328.95,9505.26615373,108334536.27606462
2020-10-17 00:00:00,11328.27,11421.0,11264.75,11367.89,3586.1455215,40686533.32590402
2020-10-18 00:00:00,11367.9,11523.0,11350.37,11514.2,4352.09499051,49783037.94385765
2020-10-19 00:00:00,11514.2,11833.0,11416.04,11760.45,10313.23447344,119952430.88490894
2020-10-20 00:00:00,11760.45,12050.0,11685.0,11923.83,13840.02481291,164071002.95258173
2020-10-21 00:00:00,11923.07,13250.04,11900.01,12808.0,32404.63293167,404094845.9551458
2020-10-22 00:00:00,12808.01,13200.0,12698.02,12987.02,20337.78966446,262830594.50360352
2020-10-23 00:00:00,12988.2,13037.0,12722.72,12937.09,10450.87207186,135038356.88570118
2020-10-24 00:00:00,12938.0,13175.0,12884.31,13126.24,7915.34663475,103143991.52093083
2020-10-25 00:00:00,13126.34,13361.0,12890.76,13045.0,9276.17719938,121571491.23520441
2020-10-26 00:00:00,13045.02,13250.0,12785.0,13068.79,12275.35826032,160036331.39983955
2020-10-27 00:00:00,13068.79,13793.72,13061.28,13698.18,17267.43967837,231478533.10259145
2020-10-28 00:00:00,13740.85,13863.87,12891.57,13281.05,21073.3766776,283317535.6348414
2020-10-29 00:00:00,13281.06,13650.0,12976.29,13460.0,15796.07667651,210748688.15553647
2020-10-30 00:00:00,13460.0,13687.82,13131.31,13571.51,15664.29047538,210883016.8112793
2020-10-31 00:00:00,13571.51,14098.92,13424.73,13804.81,12166.30429818,166982435.24523827
2020-11-01 00:00:00,13803.69,13906.74,13630.05,13771.59,6252.00619492,86140250.76371616
2020-11-02 00:00:00,13771.7,13840.0,13215.0,13563.22,12191.83070954,165778174.23635596
2020-11-03 00:00:00,13563.22,14081.45,13290.0,14035.8,13965.78812958,191926484.3508584
2020-11-04 00:00:00,14034.35,14273.6,13530.01,14161.48,16894.77786852,236524524.89037842
2020-11-05 00:00:00,14165.86,15775.0,14115.0,15608.21,31865.97472203,475313436.60835713
2020-11-06 00:00:00,15608.06,15977.67,15190.36,15599.95,25150.39252742,392195472.57651275
2020-11-07 00:00:00,15599.95,15779.24,14310.0,14834.09,23552.06912628,356362118.57729995
2020-11-08 00:00:00,14834.09,15666.0,14721.9,15482.9,11856.3281802,179934274.4957353
2020-11-09 00:00:00,15482.89,15856.9,14817.14,15342.25,21951.27612698,337496370.44071144
2020-11-10 00:00:00,15342.1,15481.06,15090.08,15315.03,13489.67510052,206487367.31672892
2020-11-11 00:00:00,15315.46,16000.0,15293.04,15705.79,15257.35722584,237687845.70114732
2020-11-12 00:00:00,15705.79,16370.89,15446.82,16310.81,22153.73849401,353542152.67139184
2020-11-13 00:00:00,16310.81,16491.92,15975.0,16339.56,14593.51518544,237572540.11242503
2020-11-14 00:00:00,16339.56,16339.6,15708.24,16082.01,9205.916488,148375001.12265804
2020-11-15 00:00:00,16082.01,16175.6,15796.09,15966.89,6250.07966791,100033446.97165057
2020-11-16 00:00:00,15970.0,16892.0,15879.0,16726.64,13948.30524238,228290656.55456164
2020-11-17 00:00:00,16726.49,17880.0,16575.42,17679.36,25230.22403641,434346317.38292974
2020-11-18 00:00:00,17679.86,18488.0,17205.02,17782.91,32425.98660226,576824173.3033066
2020-11-19 00:00:00,17790.18,18193.29,17356.0,17821.58,17141.49267548,304951654.33861655
2020-11-20 00:00:00,17821.92,18830.3,17764.76,18675.25,17901.931678,327123026.9131655
2020-11-21 00:00:00,18677.84,18980.0,18350.0,18721.21,13604.27139959,254158569.4083827
2020-11-22 00:00:00,18721.21,18773.56,17610.77,18437.66,15423.83816127,283579603.665478
2020-11-23 00:00:00,18437.18,18777.77,18001.0,18384.82,17655.66362172,324867609.3548951
2020-11-24 00:00:00,18384.82,19469.0,18052.02,19172.84,26623.09452709,499706698.65228534
2020-11-25 00:00:00,19172.9,19500.0,18502.0,18721.93,20485.39373121,388694111.37517774
2020-11-26 00:00:00,18717.24,18915.48,16200.0,17170.0,48644.17078197,863467109.4160993
2020-11-27 00:00:00,17169.99,17475.0,16400.0,17153.95,23333.98429789,397838248.7731856
2020-11-28 00:00:00,17155.43,17933.25,16880.0,17739.85,13157.9519653,229305372.3279185
2020-11-29 00:00:00,17736.1,18359.0,17535.26,18202.04,8932.25029132,160406243.9565537
2020-11-30 00:00:00,18202.02,19873.23,18201.47,19713.94,27293.4791942,518512374.4158816
2020-12-01 00:00:00,19713.94,19915.14,18109.0,18782.97,30442.86543674,582380007.0570134
2020-12-02 00:00:00,18778.18,19340.0,18335.0,19225.63,16227.13637423,307012592.6273603
2020-12-03 00:00:00,19222.45,19625.64,18885.0,19448.64,14648.29683367,282645222.7940432
2020-12-04 00:00:00,19446.43,19546.46,18576.05,18658.1,16382.87739223,312204562.573153
2020-12-05 00:00:00,18658.09,19189.98,18501.0,19158.96,7082.22230272,133691163.5251127
2020-12-06 00:00:00,19158.96,19430.25,18878.0,19375.6,6665.28189472,128044747.55810225
2020-12-07 00:00:00,19375.6,19432.57,18901.0,19177.71,8977.45166263,172562062.17260832
2020-12-08 00:00:00,19177.08,19299.51,18200.0,18316.22,15161.86263318,284257670.92404187
2020-12-09 00:00:00,18316.22,18647.33,17639.0,18546.55,20667.36635634,377949812.0841376
2020-12-10 00:00:00,18546.55,18556.42,17905.0,18253.44,14899.20296937,272884154.3530583
2020-12-11 00:00:00,18257.18,18293.08,17580.0,18042.15,16953.63356031,305896148.0761133
2020-12-12 00:00:00,18044.19,18955.34,18023.57,18821.28,8616.1725039,159063979.13088578
2020-12-13 00:00:00,18821.28,19421.03,18730.0,19166.65,10624.20069187,202228897.87756556
2020-12-14 00:00:00,19166.65,19349.98,18967.68,19272.37,9102.36972564,174666920.0681593
2020-12-15 00:00:00,19272.37,19565.0,19051.27,19444.6,15345.21212651,296673743.057577
2020-12-16 00:00:00,19443.19,21569.94,19300.0,21359.65,33350.23500216,680951601.5699283
2020-12-17 00:00:00,21360.5,23776.94,21252.01,22826.48,53602.34952384,1195545865.7386105
2020-12-18 00:00:00,22826.37,23280.0,22329.0,23137.76,24829.23581848,568422709.8515813
2020-12-19 00:00:00,23138.89,24200.0,22770.0,23849.99,20577.66441198,483363575.29137486
2020-12-20 00:00:00,23850.0,24300.0,23100.0,23476.51,14963.41787144,354358088.15828496
2020-12-21 00:00:00,23476.51,24118.75,21913.84,22729.4,25728.63855953,593292756.943302
2020-12-22 00:00:00,22729.4,23839.78,22380.05,23823.27,18597.6512303,431337649.69075173
2020-12-23 00:00:00,23824.13,24090.0,22600.0,23228.35,23412.12172023,548677588.0290567
2020-12-24 00:00:00,23226.18,23785.0,22712.89,23717.96,16440.75295146,384064332.6282284
2020-12-25 00:00:00,23718.61,24770.95,23416.0,24704.71,15792.47583445,381428838.5836724
2020-12-26 00:00:00,24704.71,26822.0,24490.01,26475.35,24782.44015598,635000897.8093783
2020-12-27 00:00:00,26482.64,28387.0,25772.55,26258.65,33627.00745897,898688836.0125396
2020-12-28 00:00:00,26255.16,27477.0,26086.19,27040.36,21265.70934972,568106567.0865046
2020-12-29 00:00:00,27039.39,27396.77,25833.73,27366.35,20668.10433798,556159259.716964
2020-12-30 00:00:00,27366.35,29018.26,27311.73,28897.42,28181.49681491,793265172.2046852
2020-12-31 00:00:00,28897.42,29321.9,28000.0,28990.08,28813.88691084,829907655.6664325
2021-01-01 00:00:00,28990.08,29688.88,28700.0,29412.84,22211.25251806,648523040.45969
2021-01-02 00:00:00,29413.29,33300.0,29039.0,32225.91,46675.24652146,1446678262.0717182
2021-01-03 00:00:00,32222.88,34810.0,32008.62,33080.66,36951.71650628,1220535150.1293418
2021-01-04 00:00:00,33082.84,33666.99,27678.0,32019.99,46045.38968508,1455584786.682213
2021-01-05 00:00:00,32020.22,34499.67,29891.13,34030.64,42282.56920027,1378852128.887023
2021-01-06 00:00:00,34043.91,37000.0,33352.54,36859.26,45744.10320015,1615403943.9626153
2021-01-07 00:00:00,36859.26,40425.0,36200.0,39505.56,50346.30569052,1925618061.3144076
2021-01-08 00:00:00,39510.55,41986.37,36565.08,40665.15,48522.48490272,1925458934.8816936
2021-01-09 00:00:00,40642.15,41406.94,38800.0,40257.43,27152.97102881,1093630167.5280995
2021-01-10 00:00:00,40257.43,41452.12,34444.0,38171.57,43736.57031589,1687412865.5970404
2021-01-11 00:00:00,38168.89,38273.88,30100.0,35452.59,102503.15672849,3638743160.1995893
2021-01-12 00:00:00,35456.89,36604.51,32500.0,34038.98,48227.62752035,1671091875.204742
2021-01-13 00:00:00,34035.53,37888.0,32309.04,37393.66,39608.73718747,1402409030.7305448
2021-01-14 00:00:00,37393.67,40127.66,36751.11,39125.14,31868.76049365,1222147684.331379
2021-01-15 00:00:00,39123.05,39697.0,34298.93,36754.67,36421.05918785,1364639269.3372788
2021-01-16 00:00:00,36754.6,37948.0,35372.59,36006.94,20861.42545209,761870366.21938
2021-01-17 00:00:00,36004.8,36860.0,33850.03,35820.0,19182.04934663,683527535.6683795
2021-01-18 00:00:00,35820.01,37402.0,34736.46,36624.23,16609.64108414,600366688.4939721
2021-01-19 00:00:00,36624.23,37857.0,35895.11,35917.28,18904.77910604,691412142.6807389
2021-01-20 00:00:00,35921.91,36415.34,33387.01,35503.09,25445.70800774,898407477.7017249
2021-01-21 00:00:00,35498.85,35628.24,30011.0,30855.95,50473.11375071,1665537548.8339415
2021-01-22 00:00:00,30855.9,33867.0,28732.0,32984.93,48155.72161708,1522200313.69773
2021-01-23 00:00:00,32982.66,33488.79,31432.19,32112.01,16139.81478284,524607127.4676379
2021-01-24 00:00:00,32110.0,33086.53,30931.21,32288.56,13618.80097809,437219008.01067466
2021-01-25 00:00:00,32293.18,34888.0,31920.8,32261.87,23045.66293389,756841752.1995214
2021-01-26 00:00:00,32260.52,32960.37,30830.0,32510.82,23535.83891688,756451924.35966
2021-01-27 00:00:00,32510.82,32584.62,29156.0,30407.13,46207.08537355,1440027296.6336648
2021-01-28 00:00:00,30414.11,34000.0,29902.14,33488.99,36007.06269488,1150472822.3535461
2021-01-29 00:00:00,33487.92,38570.13,31990.0,34262.11,72641.07974951,2511749840.6818714
2021-01-30 00:00:00,34262.11,34900.0,32852.86,34315.63,21362.15173754,728078740.9174677
2021-01-31 00:00:00,34315.63,34387.75,32200.0,33137.74,16436.39757593,550788284.9607356
2021-02-01 00:00:00,33137.75,34728.57,32333.0,33533.19,21975.41378272,734706810.8629351
2021-02-02 00:00:00,33534.39,36000.0,33450.0,35512.67,19995.83908338,692341231.3203062
2021-02-03 00:00:00,35513.0,37723.72,35393.8,37678.37,23781.96945181,869878388.1270576
2021-02-04 00:00:00,37688.42,38769.0,36156.45,36975.0,31699.36292316,1185467969.8488503
2021-02-05 00:00:00,36976.59,38349.0,36605.87,38311.49,17842.70173175,670185036.037057
2021-02-06 00:00:00,38327.09,41000.0,38250.0,39265.43,27102.80602941,1062718099.1809646
2021-02-07 00:00:00,39266.1,39737.83,37371.35,38871.42,20297.87256102,787794433.029726
2021-02-08 00:00:00,38871.43,46750.0,38057.01,46448.1,47934.0103883,2038711833.9213839
2021-02-09 00:00:00,46453.66,48200.0,45020.0,46514.73,36418.79365116,1695189138.9129255
2021-02-10 00:00:00,46514.73,47349.99,43706.86,44850.0,25818.01157857,1177440616.1552584
2021-02-11 00:00:00,44850.0,48690.0,44011.0,47997.91,26222.60477552,1216393933.3646328
2021-02-12 00:00:00,47993.6,48912.0,46300.0,47408.34,23503.15583529,1120007284.0496545
2021-02-13 00:00:00,47408.34,48199.0,46300.0,47232.45,12020.8773325,568406553.5712025
2021-02-14 00:00:00,47240.75,49700.0,47100.13,48680.69,15146.55244091,729766841.6248769
2021-02-15 00:00:00,48667.23,49093.44,45768.46,47936.37,19432.15278111,930146712.0779041
2021-02-16 00:00:00,47935.66,50645.0,47051.22,49158.71,23053.20561135,1122636880.6065443
2021-02-17 00:00:00,49141.43,52640.35,48942.87,52170.01,25675.171441,1302338794.9908512
2021-02-18 00:00:00,52170.01,52549.99,50875.0,51601.73,15689.40275173,812698236.4528645
2021-02-19 00:00:00,51596.0,56370.05,50725.0,55983.56,27961.48197104,1500655059.2887607
2021-02-20 00:00:00,55983.57,57563.57,54000.1,55923.52,22137.82194494,1236788973.6951048
2021-02-21 00:00:00,55921.44,58367.0,55531.23,57489.16,13530.43444443,768896805.738771
2021-02-22 00:00:00,57489.16,57577.69,46616.0,54142.13,49449.16575779,2668091302.672928
2021-02-23 00:00:00,54125.67,54206.22,44888.08,48899.99,72300.585728,3653347873.8299828
2021-02-24 00:00:00,48899.99,51415.41,47002.0,49737.82,30732.14949499,1513982619.952036
2021-02-25 00:00:00,49737.81,52107.83,46700.0,47058.48,28011.20414657,1369776734.307544
2021-02-26 00:00:00,47063.9,48464.64,44150.0,46326.2,36048.6181927,1676303463.5731082
2021-02-27 00:00:00,46319.79,48356.86,45055.0,46180.75,16290.28071728,757141296.2058115
2021-02-28 00:00:00,46169.92,46656.0,43016.0,45231.75,22745.60600179,1029657588.7795354
2021-03-01 00:00:00,45231.74,49829.0,45042.13,49639.4,25068.25043716,1189126685.7188077
2021-03-02 00:00:00,49635.3,50250.0,47075.11,48511.6,17063.56302004,833862240.3222224
2021-03-03 00:00:00,48502.18,52666.0,48161.75,50360.0,21301.47723933,1063422624.7046002
2021-03-04 00:00:00,50370.33,51798.33,47502.0,48368.52,23386.97957577,1157884564.4655597
2021-03-05 00:00:00,48370.97,49473.99,46219.32,48769.47,25468.18029576,1227781178.0268776
2021-03-06 00:00:00,48766.01,49210.0,47077.0,48909.84,11877.83755909,575964806.1995349
2021-03-07 00:00:00,48909.84,51459.0,48909.83,50978.61,13965.15473114,699155975.3093069
2021-03-08 00:00:00,50976.22,52425.0,49328.62,52415.23,18856.28684439,967068571.1581165
2021-03-09 00:00:00,52413.17,54936.0,51845.01,54916.38,21177.14953983,1133562836.7941859
2021-03-10 00:00:00,54921.61,57402.14,53025.0,55890.69,28326.07770941,1566711392.4565878
2021-03-11 00:00:00,55888.7,58113.0,54283.0,57815.47,24369.21216789,1377470753.4814994
2021-03-12 00:00:00,57820.15,58065.92,55050.0,57225.91,21760.53824103,1241231872.7347806
2021-03-13 00:00:00,57220.84,61788.45,56083.74,61178.5,22301.28588901,1317289734.4909506
2021-03-14 00:00:00,61181.38,61680.0,58950.0,58972.7,13581.96759058,817580392.7219055
2021-03-15 00:00:00,58972.71,60601.07,54568.0,55636.15,31651.39184131,1818197824.728775
2021-03-16 00:00:00,55629.08,56970.0,53221.0,56927.11,24432.37878722,1360560929.9672158
2021-03-17 00:00:00,56924.26,58996.38,54138.01,58925.54,22687.57433043,1298773957.7795765
2021-03-18 00:00:00,58925.54,60100.0,56996.15,57644.95,21459.4962399,1253592095.6175168
2021-03-19 00:00:00,57644.95,59461.99,56260.0,58039.66,16429.629743,950481189.521626
2021-03-20 00:00:00,58026.91,59928.0,57827.97,58116.7,9725.28123717,568684799.188986
2021-03-21 00:00:00,58126.34,58651.22,55543.89,57363.32,11841.63877891,679961019.8392562
2021-03-22 00:00:00,57377.29,58421.68,53739.5,54110.07,19512.15647151,1090966326.7761908
2021-03-23 00:00:00,54111.49,55858.0,53000.0,54345.54,19221.75674,1044294160.6514506
2021-03-24 00:00:00,54333.27,57209.97,51673.82,52276.16,23775.21362623,1280849335.1260448
2021-03-25 00:00:00,52259.69,53238.0,50305.0,51325.01,29642.04415588,1534922107.3264666
2021-03-26 00:00:00,51320.76,55125.13,51250.0,55072.44,17843.00738205,949106720.7141128
2021-03-27 00:00:00,55080.9,56640.0,53966.0,55856.53,11333.33349523,627706393.9667857
2021-03-28 00:00:00,55856.54,56587.08,54701.0,55778.82,9235.80302347,514719245.2885833
2021-03-29 00:00:00,55781.22,58400.0,54900.0,57613.48,17552.36885101,994757247.7422643
2021-03-30 00:00:00,57613.76,59397.48,57000.0,58786.46,15105.07669026,879106777.954035
2021-03-31 00:00:00,58786.46,59800.0,56873.8,58800.0,17376.62672814,1017663273.8142564
2021-04-01 00:00:00,58800.01,59474.94,57930.0,58726.48,11096.33004907,651719171.5449964
2021-04-02 00:00:00,58726.47,60055.02,58441.88,58981.04,10966.93017846,647609318.0785847
2021-04-03 00:00:00,58981.04,59752.0,56943.0,57094.34,8405.26400491,489124124.1058056
2021-04-04 00:00:00,57094.34,58500.0,56478.53,58215.94,6301.43187883,362787312.16795623
2021-04-05 00:00:00,58216.73,59251.76,56817.64,59123.02,9204.86323941,537124826.1442337
2021-04-06 00:00:00,59134.07,59475.0,57333.33,58019.98,10354.33014603,605630931.0677317
2021-04-07 00:00:00,58021.67,58630.0,55400.0,55955.75,17787.29445084,1013908779.1290863
2021-04-08 00:00:00,55962.67,58152.0,55700.0,58083.1,8073.59731731,459988706.12323284
2021-04-09 00:00:00,58083.1,58869.69,57670.51,58092.68,8094.74629652,470944204.3115056
2021-04-10 00:00:00,58092.68,61218.97,57875.41,59778.6,12817.81106734,759345264.8318819
2021-04-11 00:00:00,59778.59,60658.89,59177.06,59985.26,7278.96516665,436009649.5340767
2021-04-12 00:00:00,59983.66,61199.0,59369.0,59839.82,11467.72752999,689185998.2927601
2021-04-13 00:00:00,59836.88,63774.39,59799.01,63588.22,17897.76603088,1105180340.7445784
2021-04-14 00:00:00,63588.22,64899.0,61277.91,62971.8,22570.84113444,1426121273.9590209
2021-04-15 00:00:00,62971.8,63831.82,62036.73,63229.04,11209.4505281,706389839.2133362
2021-04-16 00:00:00,63229.04,63604.34,60048.43,61427.27,19867.41322269,1233314774.8264973
2021-04-17 00:00:00,61427.27,62572.48,59700.0,60058.86,10847.76785762,661059203.6440322
2021-04-18 00:00:00,60067.2,60437.97,51300.0,56274.41,36891.70959047,2103561407.2190924
2021-04-19 00:00:00,56273.65,57600.0,54187.85,55696.83,16838.39171629,941932602.5807211
2021-04-20 00:00:00,55696.83,57111.0,53430.01,56499.29,18608.27983583,1036188711.2174113
2021-04-21 00:00:00,56477.67,56810.56,53620.91,53800.86,15584.08398293,859890793.9681201
2021-04-22 00:00:00,53795.62,55469.98,50400.0,51701.59,30427.89153907,1607864483.0595002
2021-04-23 00:00:00,51695.98,52130.58,47464.65,51187.27,38794.85818376,1963780979.2158213
2021-04-24 00:00:00,51187.75,51260.61,48726.87,50089.15,11839.14355893,595699472.02976
2021-04-25 00:00:00,50101.42,50591.38,47044.01,49121.0,14633.51206544,720180284.4527738
2021-04-26 00:00:00,49121.0,54400.0,48817.62,54053.6,18005.22399425,929034537.9426311
2021-04-27 00:00:00,54047.8,55509.39,53321.0,55069.62,13957.08649512,760479108.8979949
2021-04-28 00:00:00,55069.61,56476.17,53887.0,54894.03,16484.33677655,907985334.2357361
2021-04-29 00:00:00,54889.81,55226.86,52369.61,53580.0,14592.31688772,788226906.6277095
2021-04-30 00:00:00,53580.0,58075.01,53068.43,57798.77,16536.33288912,919925334.9456668
2021-05-01 00:00:00,57798.77,58550.0,57050.94,57859.28,10787.04933216,623650533.408874
2021-05-02 00:00:00,57859.28,57972.26,56072.0,56625.2,7647.62578087,436925570.9234343
2021-05-03 00:00:00,56625.21,58986.0,56500.0,57212.73,15165.00648795,869424759.4855641
2021-05-04 00:00:00,57212.73,57247.24,53057.7,53241.92,23492.0586849,1296524310.8836155
2021-05-05 00:00:00,53241.91,57980.86,52913.02,57515.69,22918.90458572,1270002280.3509064
2021-05-06 00:00:00,57515.69,58400.0,55288.0,56440.66,18244.13605211,1038293623.2235367
2021-05-07 00:00:00,56444.82,58735.95,55300.0,57380.39,18323.8958022,1043826038.3021055
2021-05-08 00:00:00,57380.39,59559.84,56980.01,58958.05,15374.94442964,895122691.904897
2021-05-09 00:00:00,58958.06,59300.52,56265.3,58312.57,17169.72318523,999434348.4829115
2021-05-10 00:00:00,58313.84,59592.2,53600.0,55866.41,24647.23540718,1401025575.064316
2021-05-11 00:00:00,55866.38,56962.07,54511.48,56753.19,15446.63591676,865371209.0227022
2021-05-12 00:00:00,56753.19,58041.0,48500.0,49498.77,29660.84273553,1577904630.4469814
2021-05-13 00:00:00,49498.76,52500.0,46000.0,49690.11,42250.08740789,2088093009.2667508
2021-05-14 00:00:00,49682.28,51569.56,48895.0,49893.48,21987.79362448,1099611318.183735
2021-05-15 00:00:00,49893.48,50730.58,46573.0,46775.51,21936.11454712,1063751128.6298132
2021-05-16 00:00:00,46771.01,49808.28,43825.0,46450.79,30655.33064729,1432026065.1314564
2021-05-17 00:00:00,46450.78,46646.15,42101.0,43580.5,43660.22208427,1951376489.4192793
2021-05-18 00:00:00,43571.89,45851.0,42300.0,42857.15,28210.30024018,1231238836.0856586
2021-05-19 00:00:00,42865.05,43591.7,30000.0,36731.75,109537.24233282,4194961461.775299
2021-05-20 00:00:00,36735.44,42605.0,35000.0,40623.33,51445.79735691,1993058677.2707026
2021-05-21 00:00:00,40623.24,42275.99,33501.54,37340.77,55961.90006046,2150917174.155303
2021-05-22 00:00:00,37333.09,38889.76,35257.52,37476.83,29239.02738254,1088840912.406622
2021-05-23 00:00:00,37476.84,38319.36,31111.0,34758.67,53433.30296532,1892418837.8889093
2021-05-24 00:00:00,34758.88,39966.87,34407.17,38878.56,44419.45827713,1643647440.099065
2021-05-25 00:00:00,38874.53,39878.51,36481.26,38361.81,26107.55687287,1002504794.3191491
2021-05-26 00:00:00,38361.81,40900.0,37837.36,39293.23,25107.68631485,981662830.3066368
2021-05-27 00:00:00,39293.23,40440.95,37191.99,38556.88,19390.89447264,753738853.7085521
2021-05-28 00:00:00,38556.88,38900.0,34688.0,35680.47,36231.72333985,1338991795.954124
2021-05-29 00:00:00,35680.48,37325.0,33650.86,34627.82,27999.15073256,988959122.9907811
2021-05-30 00:00:00,34627.81,36500.0,33333.0,35669.44,16038.94658082,561885398.5267379
2021-05-31 00:00:00,35669.44,37534.09,34183.0,37279.31,19527.11600162,706226659.7879497
2021-06-01 00:00:00,37276.23,37918.97,35669.14,36685.0,15713.10281689,579614487.4960651
2021-06-02 00:00:00,36684.99,38237.37,35920.0,37577.91,13952.35891376,517703219.2792915
2021-06-03 00:00:00,37581.83,39489.82,37184.88,39248.55,14325.7560692,549769082.865758
2021-06-04 00:00:00,39248.54,39291.24,35593.22,36856.52,17917.63251152,676343683.1126999
2021-06-05 00:00:00,36856.53,37921.35,34832.17,35539.49,13654.69033381,495493005.19874203
2021-06-06 00:00:00,35539.97,36477.86,35258.0,35800.48,8184.50324318,292752130.80430675
2021-06-07 00:00:00,35800.48,36812.39,33333.0,33575.91,18997.71626987,662648797.4768057
2021-06-08 00:00:00,33567.26,34069.0,31004.95,33402.13,34937.55754915,1153317947.5579948
2021-06-09 00:00:00,33402.13,37573.99,32408.53,37403.86,26040.89793254,916564804.7460968
2021-06-10 00:00:00,37404.75,38425.67,35800.0,36694.05,19853.81418911,736201616.7695551
2021-06-11 00:00:00,36694.91,37695.0,35944.0,37338.44,14142.19349961,522102737.0605332
2021-06-12 00:00:00,37340.08,37448.0,34635.47,35557.33,14516.54556279,526155387.56334734
2021-06-13 00:00:00,35557.32,39396.0,34780.57,39015.24,15748.96203951,585661100.4450345
2021-06-14 00:00:00,39015.24,41076.03,38744.83,40539.47,21916.84415956,873252382.6327616
2021-06-15 00:00:00,40537.93,41322.55,39510.98,40162.37,17020.70299457,687354836.0013405
2021-06-16 00:00:00,40158.06,40499.0,38105.0,38351.0,17238.57541183,677101333.2483429
2021-06-17 00:00:00,38351.0,39554.98,37365.63,38095.17,15970.35031651,612330300.87878
2021-06-18 00:00:00,38103.94,38216.22,35153.16,35841.81,23472.37724375,864459076.2680182
2021-06-19 00:00:00,35840.96,36457.18,34833.26,35484.79,16801.08670642,599026743.4823172
2021-06-20 00:00:00,35484.8,36139.73,33347.05,35585.78,19400.07454207,681705815.359142
2021-06-21 00:00:00,35585.79,35741.54,31259.0,31609.82,41304.39903519,1385722832.146553
2021-06-22 00:00:00,31609.82,33352.0,28800.0,32538.37,48409.17333487,1528521947.4842536
2021-06-23 00:00:00,32538.9,34881.02,31708.03,33688.35,23124.81248294,767838008.0444759
2021-06-24 00:00:00,33688.51,35295.67,32300.0,34654.58,16868.94084747,573285725.3296052
2021-06-25 00:00:00,34654.87,35500.0,31300.0,31594.63,26505.19266978,881625658.0294735
2021-06-26 00:00:00,31594.62,32711.68,30173.49,32275.19,18299.38702942,579884609.2315979
2021-06-27 00:00:00,32267.59,34749.0,32002.21,34709.23,14428.92978925,482388088.9311794
2021-06-28 00:00:00,34708.53,35301.43,33864.99,34493.22,14920.2647883,516122433.66812706
2021-06-29 00:00:00,34493.22,36675.0,34233.35,35904.28,17917.59826258,632965363.1130975
2021-06-30 00:00:00,35906.17,36094.42,34033.0,35060.0,16700.72309396,589091244.230681
2021-07-01 00:00:00,35060.0,35066.54,32703.48,33516.11,13210.9509733,450315509.7072971
2021-07-02 00:00:00,33510.93,33972.06,32704.73,33805.02,11765.65389836,394128050.93323445
2021-07-03 00:00:00,33805.01,34953.07,33320.0,34682.16,6197.80112922,211903192.47609952
2021-07-04 00:00:00,34685.03,35951.0,34390.53,35284.05,6224.03057033,218324381.49541253
2021-07-05 00:00:00,35284.06,35290.82,33156.86,33697.78,9607.60619891,330092177.0663065
2021-07-06 00:00:00,33697.78,35100.0,33300.0,34225.73,10313.01368118,351476555.92411965
2021-07-07 00:00:00,34225.72,35077.46,33770.01,33878.56,9404.8979867,322004309.4625104
2021-07-08 00:00:00,33879.5,33934.62,32111.0,32875.95,14147.3525248,469695888.2401604
2021-07-09 00:00:00,32875.95,34100.0,32255.24,33824.26,8320.90649257,276785489.44420576
2021-07-10 00:00:00,33824.25,34267.14,33027.83,33515.35,4906.24582215,165137574.14486545
2021-07-11 00:00:00,33515.35,34607.37,33333.33,34259.23,7023.06500489,238284308.3992119
2021-07-12 00:00:00,34259.22,34670.0,32665.0,33091.1,10145.24046995,341603739.7930416
2021-07-13 00:00:00,33077.43,33337.61,32201.12,32734.14,9478.04218884,311235921.2291976
2021-07-14 00:00:00,32734.14,33125.55,31600.0,32816.39,10355.3186961,337262581.7196548
2021-07-15 00:00:00,32815.75,33187.6,31064.77,31868.68,11273.61174025,363395855.5575666
2021-07-16 00:00:00,31872.49,32259.16,31025.42,31388.06,10006.47793721,316567762.85159284
2021-07-17 00:00:00,31389.57,31949.99,31179.01,31533.91,5695.57411588,179485310.58262035
2021-07-18 00:00:00,31533.9,32450.0,31125.6,31788.25,5006.4831051,158827860.36255088
2021-07-19 00:00:00,31786.37,31887.82,30429.99,30842.03,11027.00528966,344445629.6482423
2021-07-20 00:00:00,30842.04,31052.65,29301.56,29796.16,18114.15286104,547918752.4414061
2021-07-21 00:00:00,29796.15,32825.0,29501.02,32135.19,15598.47830878,484556433.6665669
2021-07-22 00:00:00,32152.68,32611.84,31729.68,32287.74,7704.6404628,248054636.45047048
2021-07-23 00:00:00,32287.75,33647.27,32000.0,33647.26,9004.84262627,296219430.9514486
2021-07-24 00:00:00,33647.27,34525.0,33424.7,34283.01,9864.75243703,335105590.9621469
2021-07-25 00:00:00,34291.67,35451.04,33888.89,35428.26,9434.63002297,327994582.53650117
2021-07-26 00:00:00,35428.25,40593.93,35251.54,37262.77,40354.54555841,1498530638.1978276
2021-07-27 00:00:00,37262.76,39550.0,36413.26,39470.48,24709.10440908,943248440.3502712
2021-07-28 00:00:00,39475.99,40925.56,38803.34,40035.1,27198.33358111,1082765591.868155
2021-07-29 00:00:00,40035.1,40644.85,39229.47,40039.44,11022.42512817,440756083.4215363
2021-07-30 00:00:00,40039.44,42320.57,38342.0,42237.95,15063.2344059,613600702.8919926
2021-07-31 00:00:00,42233.66,42414.61,41064.11,41495.01,9351.94288576,390928490.33924943
2021-08-01 00:00:00,41499.0,42605.64,39426.0,39865.41,10617.67293456,433721454.42475307
2021-08-02 00:00:00,39859.18,40459.68,38690.0,39149.59,12379.41216528,489477159.99295723
2021-08-03 00:00:00,39149.59,39785.3,37627.21,38191.44,15094.81739624,583994106.9304307
2021-08-04 00:00:00,38189.4,39965.1,37509.0,39722.41,15327.67624669,595426230.4443276
2021-08-05 00:00:00,39718.9,41447.89,37300.0,40888.74,28507.85532682,1135721098.692181
2021-08-06 00:00:00,40888.73,43399.26,39876.74,42869.58,20425.1145444,852923728.6487045
2021-08-07 00:00:00,42869.59,44750.0,42457.27,44637.34,19634.79475606,857619364.4923044
2021-08-08 00:00:00,44628.11,45363.83,43131.97,43829.14,18712.27158173,827798382.203862
2021-08-09 00:00:00,43829.15,46497.42,42821.3,46285.48,19464.72493503,873155200.4802414
2021-08-10 00:00:00,46280.0,46718.44,44650.27,45595.66,13756.50066875,630200324.6124182
2021-08-11 00:00:00,45601.82,46781.09,45350.74,45553.49,11628.32043954,532830399.09170735
2021-08-12 00:00:00,45553.1,46223.95,43714.36,44422.14,13169.78176994,592355547.7387972
2021-08-13 00:00:00,44422.15,47953.9,44249.64,47833.64,11794.94196257,543921772.9511368
2021-08-14 00:00:00,47833.64,48176.52,46034.93,47109.65,8130.36769388,384474396.8100677
2021-08-15 00:00:00,47109.64,47400.0,45525.19,47014.49,7745.70200802,362207073.3806939
2021-08-16 00:00:00,47014.38,48076.52,45676.91,45902.46,10467.66031475,488500244.30566686
2021-08-17 00:00:00,45903.22,47174.62,44405.39,44671.58,12756.14777945,580898418.7744092
2021-08-18 00:00:00,44675.34,46035.27,44216.47,44707.98,10327.49887365,463795219.95451254
2021-08-19 00:00:00,44709.1,47088.08,43955.0,46765.87,11938.12185013,544730680.18703
2021-08-20 00:00:00,46769.02,49400.0,46644.95,49342.4,13184.67048641,633379605.0786698
2021-08-21 00:00:00,49349.99,49821.92,48285.28,48867.02,9574.83615164,469943035.8375408
2021-08-22 00:00:00,48870.21,49526.13,48102.89,49284.63,6243.39643384,305589063.33185744
2021-08-23 00:00:00,49284.38,50505.0,49012.84,49506.5,10824.26838095,536636701.8906667
2021-08-24 00:00:00,49504.53,49875.9,47600.0,47682.45,12068.33823315,587314369.3197726
2021-08-25 00:00:00,47682.45,49277.0,47122.02,48987.33,9289.23177109,448365207.7415553
2021-08-26 00:00:00,48991.57,49365.1,46315.48,46851.47,11651.34373853,557876882.6668998
2021-08-27 00:00:00,46851.47,49185.12,46361.01,49077.57,8924.12247655,427186967.0745581
2021-08-28 00:00:00,49081.08,49309.83,48370.0,48942.94,4895.70191319,239526928.2159122
2021-08-29 00:00:00,48942.89,49667.1,47801.0,48802.58,6935.09511006,338456168.68108886
2021-08-30 00:00:00,48802.58,48906.51,46866.0,46993.71,12249.23741495,586642928.1242683
2021-08-31 00:00:00,46996.8,48259.68,46708.93,47112.5,12919.43970212,610695164.3119681
2021-09-01 00:00:00,47110.33,49125.0,46537.62,48839.86,13010.83839478,623260826.3199213
2021-09-02 00:00:00,48834.27,50392.19,48620.73,49279.37,14120.3826407,695875613.9612267
2021-09-03 00:00:00,49279.38,51064.44,48349.66,50025.0,14577.22621879,724191059.2035241
2021-09-04 00:00:00,50025.0,50558.75,49400.0,49942.98,7595.48816499,379635277.89503783
2021-09-05 00:00:00,49944.89,51907.08,49500.0,51789.17,7743.93472308,393277931.9330139
2021-09-06 00:00:00,51789.17,52802.03,51020.08,52698.81,9571.75471136,498473271.3453314
2021-09-07 00:00:00,52698.8,52944.96,42830.77,46894.5,29022.815351,1417539820.7484949
2021-09-08 00:00:00,46894.49,47381.47,44423.49,46060.36,19624.55093117,906457075.3445731
2021-09-09 00:00:00,46059.94,47400.0,45511.82,46400.0,13594.64633403,630015879.3791723
2021-09-10 00:00:00,46396.26,47040.76,44140.48,44851.45,14905.54795341,679800865.5788088
2021-09-11 00:00:00,44850.37,45989.94,44730.29,45171.83,6207.38337004,280484388.5606547
2021-09-12 00:00:00,45173.66,46462.98,44754.31,46024.23,6499.85821749,296418201.6794794
2021-09-13 00:00:00,46027.8,46900.0,43465.0,44947.72,15015.30289712,680720708.8303118
2021-09-14 00:00:00,44953.23,47274.92,44679.92,47127.22,12644.16435358,581743113.4046894
2021-09-15 00:00:00,47127.81,48475.0,46705.0,48148.12,12139.84206628,578026227.6966197
2021-09-16 00:00:00,48144.03,48499.99,47020.82,47753.16,11739.27966629,561777358.7904748
2021-09-17 00:00:00,47753.15,48176.64,46752.67,47303.5,9088.56956453,431675153.43600357
2021-09-18 00:00:00,47306.87,48825.62,47050.0,48314.56,7491.03449237,358627751.6842756
2021-09-19 00:00:00,48309.86,48379.19,46850.87,47255.92,7086.34626236,338011346.91445917
2021-09-20 00:00:00,47253.71,47358.92,42500.0,43012.97,27706.67636162,1247670425.910655
2021-09-21 00:00:00,43007.69,43639.88,39600.0,40719.6,27275.33818249,1138521506.7808247
2021-09-22 00:00:00,40736.81,44035.44,40570.42,43575.1,19462.53865157,821892156.8905028
2021-09-23 00:00:00,43575.19,45000.0,43096.73,44897.59,13446.87468684,593577018.6216856
2021-09-24 00:00:00,44896.55,45200.0,40683.29,42848.92,22451.57711462,974559873.613962
2021-09-25 00:00:00,42848.44,42998.76,41675.0,42705.51,7383.32390261,314211580.0323909
2021-09-26 00:00:00,42705.51,43937.0,40803.0,43178.02,9971.64545213,425349336.7377167
2021-09-27 00:00:00,43172.17,44366.96,42111.0,42171.76,10094.77099806,433625658.00096387
2021-09-28 00:00:00,42166.31,42780.0,40897.7,41026.07,10491.81363045,437692444.96457046
2021-09-29 00:00:00,41030.19,42638.99,40750.12,41522.16,10303.30152312,427436224.3916891
2021-09-30 00:00:00,41519.11,44110.17,41409.67,43824.43,12835.9838101,548299894.8547411
2021-10-01 00:00:00,43828.89,48500.0,43287.44,48165.76,20095.33155568,923290508.1364557
2021-10-02 00:00:00,48165.76,48359.33,47451.0,47657.69,7262.63442143,347941521.73418593
2021-10-03 00:00:00,47663.74,49300.0,47120.11,48233.99,7989.25925892,384119270.96887374
2021-10-04 00:00:00,48233.99,49505.0,46916.7,49245.54,13938.64182971,675679948.827555
2021-10-05 00:00:00,49244.13,51906.23,49057.18,51493.99,17828.59726658,899013836.6057509
2021-10-06 00:00:00,51499.77,55757.11,50416.01,55339.48,25869.64925998,1377638824.9842718
2021-10-07 00:00:00,55346.95,55356.85,53379.0,53797.82,15820.83417633,861763289.8139924
2021-10-08 00:00:00,53805.46,56113.0,53634.41,53963.82,12416.9019906,675220855.2624308
2021-10-09 00:00:00,53965.18,55500.0,53675.0,54962.29,7123.05512404,388388979.1248201
2021-10-10 00:00:00,54963.29,56545.24,54112.95,54690.53,9370.1912382,516091416.4430576
2021-10-11 00:00:00,54683.09,57833.23,54411.54,57487.44,13422.42081815,753049148.6578444
2021-10-12 00:00:00,57485.97,57674.55,53873.78,56005.1,15457.00896085,869609005.5860769
2021-10-13 00:00:00,56005.1,57771.33,54236.09,57367.32,14691.01338574,827764561.5789849
2021-10-14 00:00:00,57367.32,58520.71,56832.32,57359.51,12198.02457938,701629946.8750774
2021-10-15 00:00:00,57359.51,62910.0,56867.11,61695.39,27105.19764492,1618397208.7458775
2021-10-16 00:00:00,61690.32,62350.0,60139.01,60877.42,10161.25819825,622521227.4935001
2021-10-17 00:00:00,60867.05,61744.17,58943.83,61527.11,9153.32273471,556252365.3826034
2021-10-18 00:00:00,61530.07,62675.19,59887.74,62042.41,19798.1489024,1218256374.3333185
2021-10-19 00:00:00,62042.4,64500.0,61333.0,64303.14,17380.30486176,1095734976.1983845
2021-10-20 00:00:00,64303.14,66999.0,63525.0,66026.54,19194.45410878,1251735997.4665956
2021-10-21 00:00:00,66021.26,66650.85,62050.0,62204.02,23474.39133313,1507796129.8316576
2021-10-22 00:00:00,62204.01,63750.0,60000.0,60687.64,17217.70765017,1061650956.013888
2021-10-23 00:00:00,60682.88,61750.0,59650.0,61300.01,6708.15013802,408162241.7863016
2021-10-24 00:00:00,61300.02,61491.96,59522.89,60854.48,8573.72719199,521216917.0883834
2021-10-25 00:00:00,60847.91,63726.58,60653.5,63083.54,10496.58058683,651605496.3210138
2021-10-26 00:00:00,63081.96,63290.49,59837.07,60337.62,12181.48144997,750827353.1132891
2021-10-27 00:00:00,60333.19,61488.0,58100.0,58455.47,18856.68565412,1123748436.2247603
2021-10-28 00:00:00,58462.73,62477.47,57653.88,60591.65,19354.49897509,1157329991.5352883
2021-10-29 00:00:00,60591.63,62974.0,60188.73,62276.72,15497.01101939,953186589.4681057
2021-10-30 00:00:00,62287.95,62379.2,60725.01,61892.41,6793.59698552,419987927.3294024
2021-10-31 00:00:00,61896.38,62427.02,60001.0,61343.68,8371.1698899,514132308.55138606
2021-11-01 00:00:00,61346.17,62500.0,59500.0,60949.54,11724.34161877,716051590.0099916
2021-11-02 00:00:00,60956.4,64300.0,60672.16,63266.51,13694.11539462,853126511.0876021
2021-11-03 00:00:00,63266.5,63568.36,60070.0,62935.41,12951.87181247,808974787.6582235
2021-11-04 00:00:00,62935.4,63114.14,60728.77,61444.5,11051.75853921,685824640.0110503
2021-11-05 00:00:00,61444.49,62638.59,60777.0,61006.15,10598.79620286,651471516.2338758
2021-11-06 00:00:00,61006.14,61599.25,60125.0,61539.31,6366.43859189,388782011.2273482
2021-11-07 00:00:00,61539.3,63327.96,61397.86,63309.13,5596.02460734,349155911.0896063
2021-11-08 00:00:00,63309.12,67792.77,63309.12,67554.84,17661.87297159,1156701891.3986502
2021-11-09 00:00:00,67554.13,68568.85,66261.79,66944.66,14996.62508818,1009758121.730805
2021-11-10 00:00:00,66938.76,69000.0,62800.0,64912.2,19030.24517744,1254335602.5168567
2021-11-11 00:00:00,64912.2,65600.0,64133.78,64807.59,10259.51472415,665466930.4120706
2021-11-12 00:00:00,64807.73,65477.06,62300.0,64147.9,13658.626579,876653985.8330419
2021-11-13 00:00:00,64144.42,64990.0,63394.17,64400.01,5968.10354833,383344122.33186483
2021-11-14 00:00:00,64400.01,65525.0,63596.9,65505.02,6081.57225975,393822748.00405127
2021-11-15 00:00:00,65505.03,66339.9,63371.0,63624.59,10426.55522646,674703744.1564059
2021-11-16 00:00:00,63621.05,63624.6,58638.0,60107.98,24910.15267457,1531922264.9915833
2021-11-17 00:00:00,60101.56,60824.38,58380.0,60351.51,20907.21545076,1252642485.3824356
2021-11-18 00:00:00,60351.51,60977.21,56514.13,56898.0,26749.21203012,1569783192.1951487
2021-11-19 00:00:00,56898.46,58412.12,55625.0,58122.16,18554.56064192,1062516431.8327863
2021-11-20 00:00:00,58122.15,59900.0,57423.35,59760.76,7584.65241653,445989432.0729959
2021-11-21 00:00:00,59760.76,60070.0,58509.69,58671.21,6661.36635434,394705374.3775679
2021-11-22 00:00:00,58671.22,59526.51,55641.03,56280.81,15889.22078935,914105163.9200706
2021-11-23 00:00:00,56280.81,57886.03,55377.0,57566.85,14019.78167156,796010572.2693362
2021-11-24 00:00:00,57562.65,57607.97,55875.01,57162.66,12509.25971944,713679192.4348205
2021-11-25 00:00:00,57158.58,59445.99,57037.04,58987.27,10668.67680723,620460584.1869727
2021-11-26 00:00:00,58994.72,59194.0,53533.0,53757.67,25946.30174683,1462589072.6577907
2021-11-27 00:00:00,53757.67,55316.67,53642.58,54759.05,7899.30349126,429477172.2715387
2021-11-28 00:00:00,54759.04,57490.0,53327.0,57317.17,8222.42493442,458180671.9042283
2021-11-29 00:00:00,57318.51,58908.27,56730.0,57838.06,13454.23335496,776291908.6201642
2021-11-30 00:00:00,57838.06,59249.77,55910.33,56987.97,18038.78770838,1037167743.7354711
2021-12-01 00:00:00,56998.35,59118.84,56465.75,57226.5,16607.30872879,954129079.7175856
2021-12-02 00:00:00,57226.51,57423.69,55845.0,56521.46,12969.21952648,736057224.9270678
2021-12-03 00:00:00,56521.45,57670.68,51640.0,53638.04,19567.63113833,1073627833.1066449
2021-12-04 00:00:00,53633.02,53876.09,42333.0,49241.12,39023.32978526,1942222634.7511916
2021-12-05 00:00:00,49235.26,49783.0,47827.0,49484.22,21727.13821193,1066419436.7590867
2021-12-06 00:00:00,49484.21,51105.0,47200.0,50529.56,23082.30465624,1144413567.0476973
2021-12-07 00:00:00,50529.56,51995.0,50067.1,50625.48,14107.33216632,716712923.9673887
2021-12-08 00:00:00,50625.24,51250.0,48650.02,50519.68,13138.99183299,660381956.180991
2021-12-09 00:00:00,50520.94,50844.86,47323.23,47568.43,15749.4243393,772735504.323299
2021-12-10 00:00:00,47568.43,50148.49,46900.0,47170.94,15689.5742182,752267465.9049376
2021-12-11 00:00:00,47170.94,49517.18,46786.78,49407.75,11045.22374119,532608006.26091033
2021-12-12 00:00:00,49424.47,50828.13,48665.43,50089.64,10411.08180306,517971282.9515923
2021-12-13 00:00:00,50089.64,50218.42,45727.92,46727.89,20797.28834629,1002241446.78419
2021-12-14 00:00:00,46727.89,48686.91,46300.0,48367.43,17107.0342879,812935806.5326235
2021-12-15 00:00:00,48359.23,49500.0,46530.0,48884.78,21621.70983741,1044728640.8331697
2021-12-16 00:00:00,48878.83,49459.39,47524.66,47634.22,12731.23681745,615864350.8974512
2021-12-17 00:00:00,47634.2,48000.0,45469.32,46166.5,18556.07900007,868749321.3661722
2021-12-18 00:00:00,46159.87,47368.73,45515.72,46859.46,8170.85303229,379748116.13179326
2021-12-19 00:00:00,46857.49,48351.92,46440.11,46687.19,9518.7071282,448180495.9946841
2021-12-20 00:00:00,46687.2,47548.93,45568.0,46926.07,16039.38510407,748759397.090003
2021-12-21 00:00:00,46926.07,49339.31,46645.05,48914.7,15461.4105731,741471773.2920705
2021-12-22 00:00:00,48914.7,49595.0,48450.0,48608.62,10753.4990677,525760936.6979139
2021-12-23 00:00:00,48608.61,51397.82,48032.16,50842.2,16627.04627954,826700024.860369
2021-12-24 00:00:00,50842.06,51878.6,50445.55,50851.38,11690.45418179,596264572.0435545
2021-12-25 00:00:00,50852.31,51171.68,50191.84,50428.31,5550.57153185,281197698.6450564
2021-12-26 00:00:00,50428.31,51295.33,49460.0,50801.79,6863.39473781,346576434.3440726
2021-12-27 00:00:00,50804.33,52100.0,50480.0,50717.77,11596.91468191,591738660.0246658
2021-12-28 00:00:00,50720.35,50720.35,47300.23,47543.09,23116.75583707,1134362441.264641
2021-12-29 00:00:00,47542.2,48149.58,46094.02,46471.24,20326.32142372,956643276.3295282
2021-12-30 00:00:00,46471.24,47926.15,45938.44,47122.08,27413.65364976,1284726554.6619706
2021-12-31 00:00:00,47122.09,48574.7,45650.0,46211.24,19010.24134509,891380854.1274074
2022-01-01 00:00:00,46211.24,47967.12,46205.0,47733.43,9463.6617111,445068415.68450975
2022-01-02 00:00:00,47733.43,47990.0,46633.36,47299.07,6833.49845548,324003256.59568274
2022-01-03 00:00:00,47299.06,47583.33,45700.0,46459.56,10841.81020453,506968330.54629755
2022-01-04 00:00:00,46459.57,47532.89,45515.0,45814.61,16320.32712866,756129201.6401069
2022-01-05 00:00:00,45817.13,47076.55,42500.0,43436.04,25067.67476765,1120711314.9374788
2022-01-06 00:00:00,43446.34,43794.5,42432.99,43083.76,20780.04784989,897477746.6579195
2022-01-07 00:00:00,43081.79,43144.72,40571.53,41565.18,26122.19990673,1099504422.4451907
2022-01-08 00:00:00,41564.57,42318.97,40505.3,41684.84,15454.11315131,641630360.5436121
2022-01-09 00:00:00,41684.84,42831.12,41209.53,41876.52,11074.22498167,464015591.53002626
2022-01-10 00:00:00,41876.52,42250.0,39650.0,41824.07,25232.35739583,1044623317.9600779
2022-01-11 00:00:00,41824.06,43130.0,41274.8,42753.44,19697.46613255,832130782.8126009
2022-01-12 00:00:00,42749.84,44342.83,42459.21,43920.37,16250.21469714,704740326.6239861
2022-01-13 00:00:00,43921.21,44453.22,42325.0,42581.65,14772.09478571,639931134.5825493
2022-01-14 00:00:00,42576.27,43473.98,41752.0,43090.72,13545.75086459,578718399.0324632
2022-01-15 00:00:00,43090.72,43819.39,42577.35,43098.2,6318.38550193,272615682.99625504
2022-01-16 00:00:00,43098.2,43497.24,42600.0,43104.34,6481.6580227,279197062.8366113
2022-01-17 00:00:00,43104.34,43200.0,41567.64,42218.01,10963.85191034,466210365.44780284
2022-01-18 00:00:00,42214.66,42692.71,41287.79,42369.74,13658.50365699,575586075.7725384
2022-01-19 00:00:00,42372.15,42586.03,41126.0,41674.27,15642.41727542,656036919.0944206
2022-01-20 00:00:00,41672.14,43511.99,40555.0,40670.97,17860.82318928,743055343.2526009
2022-01-21 00:00:00,40671.77,41127.79,35422.0,36456.94,50742.89616126,1949523041.9295487
2022-01-22 00:00:00,36456.67,36835.93,34017.56,35066.43,30044.12486365,1069395011.9051754
2022-01-23 00:00:00,35075.7,36555.55,34625.0,36282.47,17440.22740453,621476922.6876571
2022-01-24 00:00:00,36275.28,37574.63,32933.33,36693.32,38776.29020908,1390872182.1901197
2022-01-25 00:00:00,36687.58,37579.81,35716.15,36980.0,21597.52201359,793512072.5862787
2022-01-26 00:00:00,36980.0,38960.0,36254.97,36840.63,27403.99125336,1021042569.7098149
2022-01-27 00:00:00,36846.22,37249.0,35526.36,37188.37,23601.4620954,866232367.5381423
2022-01-28 00:00:00,37188.37,38023.74,36162.48,37741.9,22716.16494796,846838695.8252069
2022-01-29 00:00:00,37741.9,38748.43,37300.0,38191.1,13103.19076443,497860417.48521614
2022-01-30 00:00:00,38189.82,38384.07,37365.31,37901.35,10632.53591257,403612525.2148451
2022-01-31 00:00:00,37904.99,38785.04,36640.94,38491.93,19654.98487168,746019200.6686463
2022-02-01 00:00:00,38492.53,39300.0,38021.53,38716.88,16379.93141492,632801549.6707795
2022-02-02 00:00:00,38714.27,38888.88,36584.29,36923.39,13787.58718711,520863435.88538945
2022-02-03 00:00:00,36923.39,37450.75,36259.01,37329.91,13283.28624677,491358919.98200107
2022-02-04 00:00:00,37324.61,41788.81,37051.36,41614.64,22537.5582634,888990717.7538646
2022-02-05 00:00:00,41613.75,41970.0,40955.4,41404.85,11187.20118795,464112228.4832937
2022-02-06 00:00:00,41411.59,42719.93,41135.39,42415.16,6447.88488893,270298671.3243756
2022-02-07 00:00:00,42416.06,44533.0,41678.79,43868.07,20040.49860442,864226061.0070361
2022-02-08 00:00:00,43868.08,45519.24,42688.0,44085.59,20387.64565183,897876552.695979
2022-02-09 00:00:00,44087.58,44865.46,43155.5,44416.35,12785.8117079,564253501.32444
2022-02-10 00:00:00,44416.39,45855.0,43210.0,43527.71,20024.52326862,886130710.4268712
2022-02-11 00:00:00,43521.88,43962.13,42000.0,42386.47,19367.4151999,832171736.6915271
2022-02-12 00:00:00,42386.47,43050.0,41750.0,42244.97,8664.419567,367006271.00024664
2022-02-13 00:00:00,42244.91,42781.96,41885.61,42074.99,6208.94093653,262308305.06090882
2022-02-14 00:00:00,42073.37,42876.15,41570.0,42548.71,14805.98338836,625805351.219857
2022-02-15 00:00:00,42548.71,44775.96,42433.28,44583.52,14154.73452625,616939306.1915447
2022-02-16 00:00:00,44580.73,44585.69,43330.59,43895.56,9663.44040395,426139771.9736447
2022-02-17 00:00:00,43895.55,44195.62,40099.99,40536.73,18630.10842181,785854721.1208079
2022-02-18 00:00:00,40537.94,40990.9,39425.07,39983.56,16491.0130588,663505479.8550583
2022-02-19 00:00:00,39993.64,40469.82,39655.0,40101.94,6277.30201343,251437959.87814
2022-02-20 00:00:00,40101.93,40146.07,38000.0,38389.03,10972.32175685,429667973.04934156
2022-02-21 00:00:00,38395.99,39506.91,36811.0,37023.0,20970.76378699,795509671.9175307
2022-02-22 00:00:00,37022.11,38469.06,36350.0,38251.48,22767.08772002,854293132.1700649
2022-02-23 00:00:00,38251.67,39276.85,37055.0,37268.19,15510.11329997,588809306.7235469
2022-02-24 00:00:00,37268.18,39720.0,34322.0,38347.3,42124.51876077,1576062330.98739
2022-02-25 00:00:00,38347.3,39716.0,38016.44,39238.48,20761.66924479,806166377.8323817
2022-02-26 00:00:00,39242.71,40300.5,38592.04,39137.8,8601.67109728,338202762.141518
2022-02-27 00:00:00,39146.97,39875.71,37020.0,37717.08,14440.23638182,555081820.1029779
2022-02-28 00:00:00,37716.57,44240.77,37455.71,43192.66,25699.68423401,1044728850.4117506
2022-03-01 00:00:00,43189.61,44993.12,42850.0,44439.95,22596.96095342,991287324.5879905
2022-03-02 00:00:00,44440.0,45426.45,43342.16,43912.34,17466.98591437,773442284.6974583
2022-03-03 00:00:00,43916.47,44096.45,41811.0,42464.41,19278.28224695,830355763.3989158
2022-03-04 00:00:00,42464.41,42524.87,38577.01,39166.51,24080.60599433,979676109.7885263
2022-03-05 00:00:00,39166.5,39600.0,38587.27,39402.43,8440.51638896,330775818.7927729
2022-03-06 00:00:00,39407.87,39730.5,38091.02,38408.38,10099.98545246,392984803.21332884
2022-03-07 00:00:00,38406.82,39556.58,37161.88,37994.0,19544.28414901,748151679.2529559
2022-03-08 00:00:00,37991.05,39376.65,37851.54,38749.38,19132.76914326,736461515.4415812
2022-03-09 00:00:00,38749.16,42597.84,38655.98,41953.97,24651.67344036,998127460.6991781
2022-03-10 00:00:00,41949.28,42053.84,38560.85,39433.71,20814.01456026,842955517.5620849
2022-03-11 00:00:00,39431.4,40251.51,38234.08,38732.04,15908.57521389,623015718.9844778
2022-03-12 00:00:00,38732.33,39472.17,38654.02,38813.02,5644.14686801,219658258.73232332
2022-03-13 00:00:00,38815.56,39318.19,37580.86,37793.01,8046.37612453,308795012.12535596
2022-03-14 00:00:00,37793.4,39906.39,37560.4,39674.17,13566.81093809,525491292.4834934
2022-03-15 00:00:00,39678.51,39900.0,38135.0,39298.1,14924.67641882,585836868.3119906
2022-03-16 00:00:00,39298.11,41717.67,38850.0,41127.97,22805.48259593,917885040.9196264
2022-03-17 00:00:00,41127.96,41486.0,40521.0,40950.33,15717.77421989,644763885.2562935
2022-03-18 00:00:00,40950.23,42396.04,40130.0,41774.98,17181.15226772,709801722.1702662
2022-03-19 00:00:00,41781.37,42429.0,41534.89,42232.26,8630.97283924,362452353.1807234
2022-03-20 00:00:00,42232.05,42330.1,40918.72,41287.24,7621.03036678,317736207.63012683
2022-03-21 00:00:00,41287.24,41578.33,40509.0,41017.71,10996.47661055,451933965.49374664
2022-03-22 00:00:00,41017.7,43389.79,40885.19,42378.26,19913.28660924,834719871.0651709
2022-03-23 00:00:00,42376.03,43036.95,41766.79,42899.71,13745.27563632,584447333.1704936
2022-03-24 00:00:00,42899.71,44241.0,42627.48,44012.29,21827.93263859,948317152.8354592
2022-03-25 00:00:00,44012.36,45130.91,43605.8,44331.85,19128.13735444,846807040.1526505
2022-03-26 00:00:00,44336.19,44820.58,44091.09,44539.42,7305.17827992,324691944.0755138
2022-03-27 00:00:00,44538.21,46950.0,44437.22,46850.01,10356.10317002,473210328.3964501
2022-03-28 00:00:00,46850.01,48240.0,46662.28,47144.92,18787.66318707,887234289.6143079
2022-03-29 00:00:00,47146.92,48124.94,46589.0,47454.19,15776.65108647,746689372.3169055
2022-03-30 00:00:00,47448.41,47717.01,46544.89,47078.03,12672.44584707,598102503.8020598
2022-03-31 00:00:00,47078.02,47624.09,45211.0,45528.45,17454.79144251,809210938.6434261
2022-04-01 00:00:00,45525.25,46739.24,44232.86,46296.34,18111.13598043,827650343.9886417
2022-04-02 00:00:00,46296.36,47219.46,45642.89,45826.27,8380.14274375,387550134.46243477
2022-04-03 00:00:00,45826.24,47469.4,45552.07,46422.16,8773.77185888,406378892.926089
2022-04-04 00:00:00,46420.08,46900.0,45129.93,46596.83,13802.44111729,638524528.260146
2022-04-05 00:00:00,46594.39,47200.0,45371.16,45506.5,14390.57308541,664384158.0893724
2022-04-06 00:00:00,45509.92,45523.25,43115.26,43166.7,24250.37283725,1074989503.046363
2022-04-07 00:00:00,43166.71,43908.58,42734.69,43452.18,13245.36612438,573730186.1752268
2022-04-08 00:00:00,43444.71,44000.0,42112.0,42262.02,11929.52123708,512428797.11577857
2022-04-09 00:00:00,42261.9,42816.38,42118.96,42766.93,4805.71689778,204199920.94653812
2022-04-10 00:00:00,42766.46,43443.32,41885.86,42165.96,5770.49368126,245623371.7403044
2022-04-11 00:00:00,42165.96,42424.14,39204.59,39535.87,17229.3729009,703520781.0882055
2022-04-12 00:00:00,39535.88,40705.68,39250.0,40086.23,13866.41847396,553193103.8224274
2022-04-13 00:00:00,40086.7,41570.88,39550.0,41146.68,11457.63380548,465048914.45992225
2022-04-14 00:00:00,41147.15,41512.43,39573.8,39954.08,11020.37202049,446841536.5645853
2022-04-15 00:00:00,39953.62,40850.0,39770.22,40554.58,6448.01134712,259739470.12587926
2022-04-16 00:00:00,40554.6,40699.99,40005.0,40387.6,4084.16565112,165048475.24951708
2022-04-17 00:00:00,40387.6,40605.46,39553.07,39683.54,4833.31493601,193610114.30073836
2022-04-18 00:00:00,39681.11,41100.0,38550.0,40803.58,13090.79423386,524072569.1232397
2022-04-19 00:00:00,40810.87,41772.94,40571.99,41503.85,10218.113707,420627756.66370565
2022-04-20 00:00:00,41501.56,42209.58,40900.0,41377.61,14609.28392672,606244194.3478361
2022-04-21 00:00:00,41371.88,43109.47,39744.75,40480.81,17204.35326683,708418966.2819937
2022-04-22 00:00:00,40483.38,40802.65,39174.8,39712.25,16871.32104798,675582863.9809462
2022-04-23 00:00:00,39712.2,39993.82,39296.19,39465.87,6957.16710365,275622228.28864413
2022-04-24 00:00:00,39459.63,39945.74,39000.0,39464.56,6436.45656858,254030736.9824412
2022-04-25 00:00:00,39463.75,40605.3,38210.24,40439.22,20515.87532995,814062290.9288555
2022-04-26 00:00:00,40440.9,40817.16,37700.0,38113.82,21648.1142493,850077500.898085
2022-04-27 00:00:00,38118.43,39470.0,37882.83,39251.11,20832.19649199,805801703.3865947
2022-04-28 00:00:00,39251.02,40400.0,38883.83,39743.22,16718.83057299,661556058.9374628
2022-04-29 00:00:00,39741.21,39926.8,38161.85,38593.1,14282.25993546,558518343.6485156
2022-04-30 00:00:00,38592.27,38795.0,37590.0,37644.1,6931.07200088,264457426.0857367
2022-05-01 00:00:00,37640.35,38675.37,37401.0,38473.05,7980.89975954,303652824.699362
2022-05-02 00:00:00,38469.49,39181.27,38041.0,38510.89,17946.98346298,691868102.3744231
2022-05-03 00:00:00,38510.88,38643.48,37505.01,37719.59,17946.99450089,683686089.2928343
2022-05-04 00:00:00,37719.58,40038.27,37651.38,39669.56,21513.95419034,834089495.9883392
2022-05-05 00:00:00,39669.56,39864.55,35568.0,36537.22,28832.99792317,1093054121.7402227
2022-05-06 00:00:00,36537.22,36664.4,35255.4,35999.1,28626.6487821,1033823652.9162228
2022-05-07 00:00:00,35999.1,36125.0,34785.0,35458.0,11372.45319184,404765795.20200115
2022-05-08 00:00:00,35458.0,35499.93,33701.0,34027.91,22357.51152059,775173155.7635555
2022-05-09 00:00:00,34033.49,34231.54,30010.0,30078.27,55136.45332765,1769236433.7249649
2022-05-10 00:00:00,30078.27,32645.49,29735.05,31002.39,55818.01900282,1722839901.92774
2022-05-11 00:00:00,31002.39,32185.9,27682.38,28972.34,61128.25296303,1831448457.7827334
2022-05-12 00:00:00,28977.75,30091.2,25338.53,28941.95,70702.60931849,2003525116.4408822
2022-05-13 00:00:00,28941.95,30990.0,28662.7,29232.18,34643.05118869,1020470225.7727685
2022-05-14 00:00:00,29234.73,30287.58,28564.38,30041.88,15245.46818403,450231338.8899902
2022-05-15 00:00:00,30041.9,31418.35,29436.06,31290.05,16440.89298551,502213217.2622499
2022-05-16 00:00:00,31290.02,31293.31,29055.0,29839.89,22646.18507353,687754563.1307484
2022-05-17 00:00:00,29839.89,30750.0,29415.01,30412.12,19833.30676705,597066924.4084986
2022-05-18 00:00:00,30412.1,30675.92,28605.0,28672.94,28348.42643576,838872177.3895277
2022-05-19 00:00:00,28671.5,30500.0,28645.2,30274.59,29009.9710577,856456226.2666143
2022-05-20 00:00:00,30274.59,30729.83,28690.92,29155.75,34328.18791921,1019985637.9807352
2022-05-21 00:00:00,29155.74,29613.34,28913.26,29408.26,9998.48360206,292682111.0138416
2022-05-22 00:00:00,29407.4,30457.9,29211.0,30260.87,11774.13662231,351273035.9249585
2022-05-23 00:00:00,30258.04,30635.39,28847.72,29082.52,25413.0825529,754918933.7371367
2022-05-24 00:00:00,29079.31,29802.0,28611.0,29626.44,17077.03870179,500010356.61381686
2022-05-25 00:00:00,29627.61,30192.08,29296.12,29503.49,17180.56600794,509486678.36640936
2022-05-26 00:00:00,29503.48,29850.0,28000.0,29166.06,26598.58606063,774813753.1087549
2022-05-27 00:00:00,29166.06,29355.4,28220.0,28598.31,21035.53736928,606558510.4997901
2022-05-28 00:00:00,28598.31,29239.52,28500.0,29008.99,7717.34367577,222542762.96179515
2022-05-29 00:00:00,29008.99,29550.0,28809.84,29447.07,6727.92770357,196482232.45686567
2022-05-30 00:00:00,29447.08,32232.16,29273.65,31711.42,24915.37275974,764056751.9915757
2022-05-31 00:00:00,31716.67,32383.96,31195.9,31784.05,21187.77667355,673138737.1463012
2022-06-01 00:00:00,31784.18,31964.56,29308.01,29788.79,26857.46263482,824829875.1010715
2022-06-02 00:00:00,29789.19,30655.0,29558.61,30433.75,18519.12608247,557594913.5969256
2022-06-03 00:00:00,30429.12,30674.95,29213.47,29670.85,15016.78184772,450459869.22228706
2022-06-04 00:00:00,29672.77,29952.0,29454.14,29843.18,6390.75942952,190000617.01143152
2022-06-05 00:00:00,29837.56,30158.44,29505.65,29901.54,5482.4963235,163656887.54729298
2022-06-06 00:00:00,29899.62,31745.0,29866.44,31343.61,20384.91220986,626095415.6303302
2022-06-07 00:00:00,31349.59,31549.21,29200.0,31106.9,23234.0811685,715642808.5554652
2022-06-08 00:00:00,31111.0,31306.32,29829.98,30177.0,16775.53319148,513433227.0234263
2022-06-09 00:00:00,30182.92,30679.72,29904.0,30079.62,13334.23491125,402848104.7464986
2022-06-10 00:00:00,30079.59,30337.83,28821.15,29063.11,23208.77056569,686409137.1639193
2022-06-11 00:00:00,29058.79,29411.11,28080.01,28388.63,13276.76193059,381502908.05739903
2022-06-12 00:00:00,28395.03,28516.33,26532.95,26555.2,18661.94193886,513201117.2307625
2022-06-13 00:00:00,26555.17,26869.35,21920.0,22460.97,81724.84469418,1998284620.1220438
2022-06-14 00:00:00,22460.97,23299.22,20816.4,22120.25,47382.80135514,1050676187.6371589
2022-06-15 00:00:00,22120.23,22769.12,20071.0,22562.33,62040.45345538,1357486688.7075293
2022-06-16 00:00:00,22562.33,22974.1,20200.0,20372.0,37587.2170128,809144061.2603744
2022-06-17 00:00:00,20371.96,21338.7,20209.73,20447.86,25560.04919013,526334130.4262314
2022-06-18 00:00:00,20447.86,20750.0,17567.45,18948.89,52894.97568032,1027672679.7538811
2022-06-19 00:00:00,18944.66,20795.11,17934.26,20552.44,29383.34368967,574638813.4099149
2022-06-20 00:00:00,20552.39,21041.62,19603.8,20549.75,24904.11647858,508962689.0199268
2022-06-21 00:00:00,20547.68,21711.0,20328.03,20696.96,23770.75139634,494928853.736205
2022-06-22 00:00:00,20699.63,20873.52,19751.51,19968.46,26569.63207564,539982072.1702129
2022-06-23 00:00:00,19970.07,21211.97,19869.41,21104.45,21460.76883515,440782194.5859249
2022-06-24 00:00:00,21104.45,21537.46,20712.54,21223.72,21361.7652594,451684753.4024069
2022-06-25 00:00:00,21221.13,21594.5,20900.0,21478.04,12877.9734191,274280454.43389434
2022-06-26 00:00:00,21474.14,21866.0,20944.68,21027.92,11145.88852674,237721572.48768815
2022-06-27 00:00:00,21024.85,21520.0,20500.0,20725.17,17440.94268269,365257029.33694875
2022-06-28 00:00:00,20722.95,21189.99,20164.7,20252.89,17658.6604167,363461717.79923296
2022-06-29 00:00:00,20253.5,20410.91,19823.43,20094.79,18278.45185883,368231430.77822757
2022-06-30 00:00:00,20098.0,20143.53,18603.0,19985.62,28361.45876221,558934512.1109571
2022-07-01 00:00:00,19985.62,20879.99,18938.33,19252.76,32977.00052272,651763209.3061296
2022-07-02 00:00:00,19252.76,19422.02,18955.02,19224.03,10707.74160684,205732738.28400204
2022-07-03 00:00:00,19225.54,19622.33,18755.75,19291.33,11826.36538269,227346943.69591966
2022-07-04 00:00:00,19291.35,20331.76,19029.33,20211.35,14462.57230204,285143316.2219748
2022-07-05 00:00:00,20212.42,20734.89,19274.95,20153.51,21938.40185419,440828985.3999872
2022-07-06 00:00:00,20153.74,20650.0,19743.0,20542.67,18489.12900774,374818140.66288054
2022-07-07 00:00:00,20542.66,21855.72,20224.8,21614.6,25211.332802,530936676.5204149
2022-07-08 00:00:00,21618.04,22490.54,21172.0,21582.2,25311.00378887,549646038.4229453
2022-07-09 00:00:00,21582.28,21959.3,21311.04,21583.99,9424.31410235,203651440.64558175
2022-07-10 00:00:00,21582.23,21595.75,20636.53,20850.65,9610.90399408,203427181.10085556
2022-07-11 00:00:00,20850.65,20854.32,19860.12,19942.43,16061.45339697,327282308.49565
2022-07-12 00:00:00,19942.44,20037.46,19226.47,19303.65,21631.52226271,424572811.3689518
2022-07-13 00:00:00,19304.71,20330.71,18892.0,20220.23,28211.91563971,555405514.6563523
2022-07-14 00:00:00,20219.69,20893.73,19607.14,20577.02,24371.50910244,495336177.744086
2022-07-15 00:00:00,20574.96,21196.37,20368.67,20827.55,17731.34162095,367781493.12581253
2022-07-16 00:00:00,20823.06,21582.71,20475.94,21189.68,12479.60342503,262294401.64775828
2022-07-17 00:00:00,21189.23,21667.1,20750.1,20791.74,11450.67396279,241603981.93153104
2022-07-18 00:00:00,20791.74,22777.0,20755.95,22427.56,31445.5132866,681992257.5043612
2022-07-19 00:00:00,22434.97,23800.0,21578.57,23395.06,34808.90125305,793717787.707234
2022-07-20 00:00:00,23398.46,24287.13,22899.0,23226.99,34094.81155381,799622035.4162929
2022-07-21 00:00:00,23225.24,23434.65,22340.07,23153.96,24113.43095206,555536796.7204151
2022-07-22 00:00:00,23152.76,23763.55,22505.56,22687.68,20884.25890814,480909922.52806664
2022-07-23 00:00:00,22688.85,23006.16,21941.01,22450.69,12592.30066753,283599734.61714536
2022-07-24 00:00:00,22451.36,23036.46,22263.85,22583.43,9132.96152481,206256748.15996596
2022-07-25 00:00:00,22583.37,22665.74,21254.97,21313.41,22277.31378773,489084445.1952104
2022-07-26 00:00:00,21312.06,21344.43,20715.0,21261.57,19333.35688939,409060288.4052893
2022-07-27 00:00:00,21260.22,23110.73,21045.73,22962.59,24206.7301153,534843284.1693074
2022-07-28 00:00:00,22960.74,24206.11,22580.86,23851.7,25681.25351287,600937544.2162648
2022-07-29 00:00:00,23851.66,24450.0,23429.71,23784.5,18431.00204878,440113298.915251
2022-07-30 00:00:00,23787.84,24666.0,23516.11,23650.13,13265.47821461,317111522.0298164
2022-07-31 00:00:00,23648.15,24192.18,23240.01,23307.44,7969.64723008,188059327.3576001
2022-08-01 00:00:00,23307.44,23518.89,22850.0,23273.86,12543.48560075,291479842.46299416
2022-08-02 00:00:00,23273.85,23464.97,22659.06,22989.4,15013.77828925,346770534.6667152
2022-08-03 00:00:00,22994.78,23650.96,22694.56,22825.0,23966.78092491,552226388.4946519
2022-08-04 00:00:00,22824.88,23234.29,22392.88,22623.94,21755.96366822,495361482.371792
2022-08-05 00:00:00,22624.44,23478.58,22589.83,23320.81,26745.91293062,615247334.6969181
2022-08-06 00:00:00,23320.71,23357.19,22917.49,22960.93,9285.19244923,214850810.89812893
2022-08-07 00:00:00,22960.86,23405.02,22852.13,23177.39,8297.19227173,191655599.70585054
2022-08-08 00:00:00,23180.26,24251.08,23158.32,23815.65,24093.33217697,568634623.274957
2022-08-09 00:00:00,23815.68,23929.35,22871.66,23158.27,22349.07822206,523945979.07763696
2022-08-10 00:00:00,23158.32,24224.67,22666.23,23962.18,25974.49772434,610474723.8405043
2022-08-11 00:00:00,23959.3,24929.99,23862.66,23944.86,29681.35922757,717523188.4425207
2022-08-12 00:00:00,23944.85,24463.01,23600.01,24415.18,17244.15100332,415683408.6001686
2022-08-13 00:00:00,24415.08,24898.91,24302.36,24456.49,13678.30446343,335367541.2783141
2022-08-14 00:00:00,24456.17,25054.1,24151.63,24316.71,23306.17100393,570876559.8468415
2022-08-15 00:00:00,24316.58,25214.57,23777.0,24097.82,27821.25610894,677489109.4774317
2022-08-16 00:00:00,24099.7,24253.98,23668.0,23857.93,19601.90580439,469855770.94541234
2022-08-17 00:00:00,23857.89,24448.49,23180.14,23341.17,22747.43895287,539271772.3291702
2022-08-18 00:00:00,23344.42,23600.0,23107.27,23189.46,13825.6308966,322279431.0686287
2022-08-19 00:00:00,23188.94,23206.76,20782.39,20834.94,45962.7257428,1011329689.9207072
2022-08-20 00:00:00,20834.94,21372.93,20760.93,21139.23,21809.4048831,458586520.04748034
2022-08-21 00:00:00,21139.22,21795.08,21067.33,21518.62,16024.82128336,342611680.589567
2022-08-22 00:00:00,21514.45,21540.0,20889.69,21398.25,26215.93682469,559332676.1770139
2022-08-23 00:00:00,21396.37,21679.52,20889.69,21528.34,22744.05096265,486119518.3691805
2022-08-24 00:00:00,21526.74,21925.0,21147.41,21367.12,22538.91385671,484396588.5281684
2022-08-25 00:00:00,21367.12,21818.32,21307.32,21561.86,17065.2835044,367136621.79085255
2022-08-26 00:00:00,21561.49,21878.05,20112.78,20240.72,37169.02639568,778626428.8835676
2022-08-27 00:00:00,20240.63,20389.14,19800.0,20036.69,22160.97938125,445803890.2355445
2022-08-28 00:00:00,20035.3,20164.26,19513.74,19554.03,17117.31912737,339211045.99613744
2022-08-29 00:00:00,19552.31,20427.19,19545.57,20286.97,33436.35652183,667155956.0436393
2022-08-30 00:00:00,20286.95,20582.64,19540.14,19813.17,46462.27938622,931834698.243197
2022-08-31 00:00:00,19813.97,20489.0,19799.97,20048.26,36587.60323535,733135076.1092962
2022-09-01 00:00:00,20048.27,20205.53,19561.01,20133.65,23858.64862602,476865553.8328537
2022-09-02 00:00:00,20132.67,20444.0,19755.0,19953.74,19929.54590305,400012940.98504734
2022-09-03 00:00:00,19953.4,20053.9,19655.0,19835.47,9538.49811675,189572332.35770616
2022-09-04 00:00:00,19833.59,20026.2,19588.27,20004.73,10670.60766559,211952387.5066281
2022-09-05 00:00:00,20003.85,20060.0,19633.11,19794.58,13935.11385555,276930915.1132518
2022-09-06 00:00:00,19794.59,20179.86,18663.25,18790.91,34029.11126955,658706696.284148
2022-09-07 00:00:00,18790.77,19466.09,18527.0,19293.52,25583.39915964,486579494.8899033
2022-09-08 00:00:00,19293.03,19460.7,19014.43,19321.87,20327.61614165,391764134.5470707
2022-09-09 00:00:00,19322.56,21616.21,19294.49,21364.5,39579.81208118,807406001.7613068
2022-09-10 00:00:00,21366.61,21815.15,21127.1,21651.52,17750.76003376,381465519.4477057
2022-09-11 00:00:00,21656.03,21865.66,21356.37,21831.72,14386.63340528,311865454.3781199
2022-09-12 00:00:00,21830.16,22490.05,21555.0,22402.71,28404.49469955,626872427.6818246
2022-09-13 00:00:00,22402.58,22800.0,19855.0,20174.78,37351.56014939,795890405.3036157
2022-09-14 00:00:00,20174.78,20545.0,19625.0,20227.77,25139.52734416,506388955.9784247
2022-09-15 00:00:00,20227.7,20336.42,19500.0,19703.67,21124.30384367,421259758.2245153
2022-09-16 00:00:00,19703.65,19890.95,19305.0,19801.04,24863.81492556,489199536.8707812
2022-09-17 00:00:00,19800.26,20183.14,19748.89,20113.37,11557.14724341,230697012.341813
2022-09-18 00:00:00,20113.37,20119.08,19335.57,19417.64,16437.90668757,324589727.1840326
2022-09-19 00:00:00,19417.56,19689.62,18255.0,19540.38,30961.4463315,595253621.0487397
2022-09-20 00:00:00,19538.31,19638.46,18722.0,18876.91,27437.23361358,526628067.0003655
2022-09-21 00:00:00,18876.14,19949.97,18153.13,18462.64,44344.46282424,836357410.7626939
2022-09-22 00:00:00,18462.66,19521.8,18358.63,19401.25,41006.95212665,776511131.0611751
2022-09-23 00:00:00,19399.93,19500.0,18529.0,19286.01,30781.38249694,590347977.8424506
2022-09-24 00:00:00,19286.03,19311.4,18808.13,18923.2,17644.76169841,336700695.2337823
2022-09-25 00:00:00,18920.93,19184.3,18619.88,18808.61,14499.16320537,273793933.44718003
2022-09-26 00:00:00,18806.3,19320.86,18681.02,19228.0,33108.05445715,629352497.038415
2022-09-27 00:00:00,19226.94,20383.15,18821.55,19077.57,51860.03004114,1004907489.7662572
2022-09-28 00:00:00,19077.56,19773.67,18487.0,19412.07,43710.30467197,838694749.1662747
2022-09-29 00:00:00,19412.37,19646.66,18845.3,19595.57,34783.53737085,673930166.9717844
2022-09-30 00:00:00,19595.59,20182.72,19154.38,19426.11,34243.66392923,670823103.274437
2022-10-01 00:00:00,19423.57,19486.43,19160.0,19315.27,7337.45595566,141952752.5604643
2022-10-02 00:00:00,19315.26,19398.94,18923.81,19059.17,12951.42404465,248334425.30221227
2022-10-03 00:00:00,19059.1,19717.67,18958.29,19633.46,28571.64018677,552636378.8057295
2022-10-04 00:00:00,19632.43,20479.43,19495.32,20345.19,32685.41637125,653319125.8295593
2022-10-05 00:00:00,20345.27,20371.15,19750.0,20161.62,33542.20736149,676110609.2076275
2022-10-06 00:00:00,20162.15,20455.79,19855.19,19965.64,44044.43606305,885720065.5638462
2022-10-07 00:00:00,19963.75,20065.26,19325.0,19533.05,34938.97272677,689058209.4587672
2022-10-08 00:00:00,19531.68,19628.78,19250.0,19419.39,9745.2545363,189617924.69301218
2022-10-09 00:00:00,19421.49,19563.28,19321.0,19443.47,12537.63788265,243697954.1928117
2022-10-10 00:00:00,19442.7,19528.04,19028.08,19132.83,26596.56843638,512859301.9589774
2022-10-11 00:00:00,19130.8,19265.69,18855.19,19058.11,36248.01909763,691519681.3140336
2022-10-12 00:00:00,19058.42,19235.26,18971.51,19155.92,24862.65344825,475007893.51514804
2022-10-13 00:00:00,19153.97,19509.23,18131.0,19378.65,49160.49651762,936173781.7905477
2022-10-14 00:00:00,19375.55,19954.14,19076.83,19178.0,46208.33260444,896262826.2789569
2022-10-15 00:00:00,19179.15,19229.12,18983.0,19070.24,9062.82835275,173239385.18051946
2022-10-16 00:00:00,19070.62,19425.49,19065.23,19264.44,8310.92834083,159623388.07709265
2022-10-17 00:00:00,19261.62,19679.46,19154.72,19550.4,24137.12482696,468539005.4347755
2022-10-18 00:00:00,19550.39,19702.73,19091.77,19328.76,27645.59742478,536833614.6033157
2022-10-19 00:00:00,19328.75,19361.0,19062.1,19124.18,22284.13292808,428278917.87576646
2022-10-20 00:00:00,19123.77,19349.04,18905.0,19042.48,28405.7559743,542694027.3063096
2022-10-21 00:00:00,19043.66,19254.52,18659.0,19166.45,24206.36088454,460669014.90529895
2022-10-22 00:00:00,19164.92,19257.66,19110.46,19209.1,7044.99034028,135161908.74810386
2022-10-23 00:00:00,19209.09,19698.1,19070.92,19572.44,12086.31175412,234325031.00086772
2022-10-24 00:00:00,19572.2,19603.57,19159.35,19330.41,29432.58356293,571474300.4210618
2022-10-25 00:00:00,19332.11,20420.88,19240.76,20086.28,42452.33701168,839283021.1134412
2022-10-26 00:00:00,20086.27,21022.81,20055.85,20775.4,43618.9919315,893538648.2836119
2022-10-27 00:00:00,20773.59,20878.17,20196.01,20296.97,34123.58255469,700768204.2058864
2022-10-28 00:00:00,20295.77,20755.09,20000.0,20597.91,29581.75150226,603828406.1512953
2022-10-29 00:00:00,20597.34,21080.0,20561.2,20823.53,19822.75126022,411629688.1922454
2022-10-30 00:00:00,20822.38,20939.35,20523.92,20630.68,13737.38848362,284763459.2115088
2022-10-31 00:00:00,20629.21,20837.68,20237.0,20489.94,22222.73611567,456642948.60656005
2022-11-01 00:00:00,20489.55,20691.0,20326.55,20479.63,21147.00854592,433443519.990509
2022-11-02 00:00:00,20480.34,20805.0,20059.53,20151.4,43913.21904186,894690888.9011408
2022-11-03 00:00:00,20151.29,20390.82,20032.02,20206.88,26837.37211156,541987506.2294124
2022-11-04 00:00:00,20208.02,21298.76,20181.61,21144.2,42027.16281295,870304686.5370835
2022-11-05 00:00:00,21149.03,21478.8,21082.54,21300.45,14076.70487828,299168056.15014577
2022-11-06 00:00:00,21300.45,21365.89,20886.26,20909.17,10958.4932636,231393434.3941831
2022-11-07 00:00:00,20908.15,21069.46,20394.34,20593.49,25279.82916936,524338037.5401968
2022-11-08 00:00:00,20593.34,20675.0,17500.0,18550.25,84056.63082724,1624785043.9281826
2022-11-09 00:00:00,18546.07,18590.34,15512.0,15891.96,119633.96194081,2049939003.9972587
2022-11-10 00:00:00,15894.77,18140.62,15720.0,17553.89,91496.98548059,1539649053.7172415
2022-11-11 00:00:00,17555.44,17641.32,16336.05,17013.62,64776.6547934,1110052108.3574893
2022-11-12 00:00:00,17014.78,17067.7,16595.25,16783.33,23830.0578576,401900240.73375624
2022-11-13 00:00:00,16783.32,16926.57,16214.95,16301.39,23266.69734743,385216412.46782225
2022-11-14 00:00:00,16298.75,17169.68,15790.25,16590.73,55601.93469977,915338648.7095954
2022-11-15 00:00:00,16588.41,17107.88,16502.85,16877.93,48155.32053543,807529451.606869
2022-11-16 00:00:00,16879.37,16994.31,16358.66,16645.24,37249.70414522,622792517.2370706
2022-11-17 00:00:00,16646.58,16736.7,16396.0,16680.47,22484.77507436,373583132.56204927
2022-11-18 00:00:00,16680.47,16984.08,16526.28,16680.59,26970.34405749,450886301.2532295
2022-11-19 00:00:00,16678.85,16802.0,16534.83,16683.02,9396.04770097,156676041.69817194
2022-11-20 00:00:00,16680.7,16733.19,16154.65,16252.53,16685.1909604,274559280.54196393
2022-11-21 00:00:00,16252.43,16279.99,15460.0,15760.14,43799.91803333,698089225.6037382
2022-11-22 00:00:00,15758.96,16294.5,15596.22,16199.71,44555.90690195,711216869.1465744
2022-11-23 00:00:00,16201.15,16700.0,16142.99,16587.0,37143.06609396,609435442.7104855
2022-11-24 00:00:00,16585.83,16797.28,16450.62,16587.61,21819.50497344,362320189.6181373
2022-11-25 00:00:00,16587.6,16610.08,16333.0,16510.9,20800.91157317,343431266.4331081
2022-11-26 00:00:00,16510.9,16693.18,16376.1,16450.93,12308.57070713,203187146.57631972
2022-11-27 00:00:00,16450.32,16589.43,16395.0,16419.88,10825.69525321,178230538.84822524
2022-11-28 00:00:00,16421.63,16478.32,15992.64,16206.3,30336.24756667,493714010.8388545
2022-11-29 00:00:00,16206.23,16541.72,16092.53,16438.0,21901.9847881,357432068.9875725
2022-11-30 00:00:00,16437.94,17259.37,16423.37,17167.33,42517.61172285,715231370.695812
2022-12-01 00:00:00,17165.44,17317.8,16855.0,16980.08,31798.99151828,543113419.5557848
2022-12-02 00:00:00,16980.07,17108.25,16791.02,17094.71,23096.43686725,392489588.60907364
2022-12-03 00:00:00,17094.25,17158.42,16863.58,16888.53,14081.4506716,239401488.75075254
2022-12-04 00:00:00,16889.17,17199.99,16882.86,17108.9,16961.10828839,288681964.1233042
2022-12-05 00:00:00,17108.9,17424.59,16865.22,16966.05,33618.45109026,574579335.0893409
2022-12-06 00:00:00,16966.05,17111.35,16904.04,17089.05,26693.6101171,454261780.13498855
2022-12-07 00:00:00,17089.18,17140.22,16679.52,16840.0,22635.46848793,383382135.93782264
2022-12-08 00:00:00,16839.76,17300.59,16738.0,17226.01,23533.23453743,400678969.2253915
2022-12-09 00:00:00,17226.03,17352.62,17060.69,17130.59,20976.63699864,360640464.5079707
2022-12-10 00:00:00,17130.49,17227.64,17093.42,17128.1,7860.58687575,134769074.18338212
2022-12-11 00:00:00,17128.1,17271.92,17073.19,17085.21,9948.85267032,170519404.97248
2022-12-12 00:00:00,17085.62,17244.63,16875.83,17211.66,20659.65709227,353371761.8570213
2022-12-13 00:00:00,17212.9,17999.99,17089.17,17773.18,38316.03172467,671251279.7384659
2022-12-14 00:00:00,17772.98,18385.36,17660.93,17804.97,49295.42072146,882686761.163706
2022-12-15 00:00:00,17805.36,17856.26,17275.02,17357.96,37834.73808374,664894444.9253175
2022-12-16 00:00:00,17359.1,17525.0,16529.53,16632.64,47159.86300655,802263192.826678
2022-12-17 00:00:00,16634.29,16799.99,16585.64,16782.25,18446.6836015,308069623.4709038
2022-12-18 00:00:00,16782.23,16875.0,16663.76,16741.16,11073.43886205,185652154.49565658
2022-12-19 00:00:00,16742.33,16822.84,16273.4,16439.74,26856.08598724,444993998.11223716
2022-12-20 00:00:00,16439.98,17060.86,16398.22,16897.65,34330.28235168,573287478.6158216
2022-12-21 00:00:00,16896.17,16926.05,16725.78,16826.56,16743.62189364,282023539.47259045
2022-12-22 00:00:00,16825.18,16868.82,16560.84,16815.51,21269.7673979,356642685.9489355
2022-12-23 00:00:00,16815.28,16943.29,16719.57,16777.21,21958.88697726,369213157.31651586
2022-12-24 00:00:00,16777.88,16863.62,16775.88,16837.12,9502.80320659,159776569.5644018
2022-12-25 00:00:00,16837.24,16853.88,16720.89,16829.02,7065.21656572,118768109.76301888
2022-12-26 00:00:00,16829.19,16939.81,16787.97,16917.96,8493.27661167,143270811.2107676
2022-12-27 00:00:00,16916.66,16967.0,16585.97,16698.73,17482.09318834,293560882.20699227
2022-12-28 00:00:00,16698.31,16777.35,16460.0,16539.66,23345.55126307,387975747.69724566
2022-12-29 00:00:00,16539.66,16654.81,16479.5,16627.54,20088.46487471,332973888.6938085
2022-12-30 00:00:00,16627.36,16649.99,16326.16,16600.1,26532.28003447,439133179.9532097
2022-12-31 00:00:00,16599.98,16634.42,16462.49,16530.35,15414.5294044,255215434.58806393
2023-01-01 00:00:00,16531.83,16621.0,16490.0,16611.58,10668.73697739,176712718.47053948
2023-01-02 00:00:00,16611.9,16789.99,16542.52,16666.95,13560.46017964,225820173.69791618
2023-01-03 00:00:00,16666.86,16772.3,16600.0,16669.47,17612.35527749,293724022.90865695
2023-01-04 00:00:00,16668.95,16988.0,16645.87,16844.42,25922.70680625,435159553.8422255
2023-01-05 00:00:00,16844.4,16872.13,16750.07,16825.69,14918.22913349,250970450.28431442
2023-01-06 00:00:00,16825.53,17027.11,16670.82,16948.06,24235.38704157,408799600.3707578
2023-01-07 00:00:00,16948.0,16977.76,16903.58,16942.37,5680.11799379,96237827.3602294
2023-01-08 00:00:00,16942.37,17167.52,16910.41,17125.18,9195.45985397,156657256.39237893
2023-01-09 00:00:00,17125.17,17396.25,17102.97,17177.98,33252.15435855,571956756.8685174
2023-01-10 00:00:00,17177.94,17494.37,17145.1,17443.5,24901.57485784,431176433.77177984
2023-01-11 00:00:00,17443.5,17998.0,17315.08,17944.27,27251.01602186,481667499.02728015
2023-01-12 00:00:00,17944.15,19115.85,17904.83,18847.75,61938.44269045,1142959064.041064
2023-01-13 00:00:00,18847.77,20000.0,18714.8,19934.88,55049.6223488,1066551338.8737528
2023-01-14 00:00:00,19934.07,21321.98,19893.25,20957.02,58239.87328811,1195465418.238253
2023-01-15 00:00:00,20956.2,21057.3,20560.16,20879.7,25709.30241812,536381917.51205975
2023-01-16 00:00:00,20879.67,21465.62,20611.45,21187.5,41151.35428763,865662357.8758419
2023-01-17 00:00:00,21191.46,21595.0,20844.73,21136.33,32656.47978348,692052200.7939342
2023-01-18 00:00:00,21135.01,21650.21,20370.01,20674.29,34600.25647175,725130722.9759239
2023-01-19 00:00:00,20674.03,21197.0,20656.52,21084.22,23436.75404601,489897122.2103894
2023-01-20 00:00:00,21084.05,22754.73,20865.64,22669.81,32810.59587882,716700137.6882677
2023-01-21 00:00:00,22671.09,23375.6,22432.45,22789.37,32657.60500465,745152737.2357371
2023-01-22 00:00:00,22789.34,23082.82,22298.15,22714.87,25548.28914044,580490214.3052336
2023-01-23 00:00:00,22714.81,23180.55,22500.01,22920.29,32380.77464386,739217951.9788352
2023-01-24 00:00:00,22920.67,23165.56,22460.17,22636.17,39180.10567306,893135682.0352976
2023-01-25 00:00:00,22636.19,23824.66,22326.24,23062.36,38496.91631901,883980147.6492733
2023-01-26 00:00:00,23062.36,23287.38,22853.61,23010.47,30187.01702655,695915038.6058042
2023-01-27 00:00:00,23011.37,23511.9,22540.76,23084.4,27185.13487749,626266874.5747364
2023-01-28 00:00:00,23084.38,23196.99,22884.0,23028.95,7466.33930339,172088518.7413287
2023-01-29 00:00:00,23029.56,23966.0,22974.75,23745.8,20952.76361397,490902874.91270256
2023-01-30 00:00:00,23744.34,23802.99,22500.0,22836.03,34312.28644397,796760113.5495963
2023-01-31 00:00:00,22836.03,23313.23,22719.68,23128.86,22721.77475761,522588322.44891334
2023-02-01 00:00:00,23127.15,23813.57,22760.0,23735.97,20292.22416962,474009564.78682286
2023-02-02 00:00:00,23735.97,24262.18,23367.87,23493.84,16368.92138269,388188397.67824495
2023-02-03 00:00:00,23497.29,23720.0,23208.01,23433.54,14215.66842983,333566537.1621163
2023-02-04 00:00:00,23433.47,23589.67,23257.71,23328.87,3567.13007478,83479511.87593372
2023-02-05 00:00:00,23329.47,23433.2,22758.01,22936.34,6574.34533251,151961094.4736959
2023-02-06 00:00:00,22936.34,23163.05,22637.51,22764.07,12149.94486314,277932935.1059568
2023-02-07 00:00:00,22763.42,23348.73,22748.11,23244.67,9803.34759825,225734161.0756211
2023-02-08 00:00:00,23244.64,23451.01,22669.09,22964.38,7693.59195866,177585643.79553854
2023-02-09 00:00:00,22963.91,23011.18,21700.0,21800.63,19277.239648,431211224.27933663
2023-02-10 00:00:00,21800.62,21942.41,21467.43,21628.97,12641.59512641,274447228.7670556
2023-02-11 00:00:00,21628.97,21904.0,21605.35,21863.73,4695.91143894,102138480.45155746
2023-02-12 00:00:00,21863.73,22091.88,21631.0,21789.8,5990.68642903,130861168.4010903
2023-02-13 00:00:00,21789.79,21903.03,21366.45,21789.14,13246.3049252,287605130.28219724
2023-02-14 00:00:00,21789.0,22331.76,21545.67,22206.27,14879.72784164,326880465.1775198
2023-02-15 00:00:00,22206.26,24386.5,22054.17,24329.04,23427.35072192,544545164.4751781
2023-02-16 00:00:00,24326.95,25256.83,23510.73,23516.15,30034.93494269,725423721.9675858
2023-02-17 00:00:00,23516.95,25025.0,23344.12,24577.6,22795.35234631,549730836.5670433
2023-02-18 00:00:00,24577.6,24879.33,24407.67,24636.23,6191.17379627,152458939.40171146
2023-02-19 00:00:00,24635.85,25200.0,24192.7,24281.31,9733.21021005,239217633.2751465
2023-02-20 00:00:00,24278.81,25128.11,23841.08,24844.97,13977.17943437,342765760.7350684
2023-02-21 00:00:00,24844.21,25288.88,24153.96,24454.43,16495.25564236,407191488.7762442
2023-02-22 00:00:00,24454.08,24480.0,23581.64,24184.44,17390.31077874,420411458.68847066
2023-02-23 00:00:00,24184.9,24600.95,23612.59,23943.32,16847.70433307,405784371.85189754
2023-02-24 00:00:00,23943.32,24132.67,22520.0,23186.88,20933.97488913,490812061.4026358
2023-02-25 00:00:00,23186.88,23220.56,22716.47,23159.71,5937.43847794,136982079.06789833
2023-02-26 00:00:00,23159.71,23689.77,23052.78,23556.83,6063.45918348,141671344.38504595
2023-02-27 00:00:00,23556.83,23895.51,23109.06,23489.52,12098.67253518,284472820.67810285
2023-02-28 00:00:00,23490.01,23597.98,23027.24,23145.32,9516.02766667,221867493.50221518
2023-03-01 00:00:00,23144.37,23999.99,23025.17,23631.52,12151.84539817,284963964.4465035
2023-03-02 00:00:00,23632.12,23798.62,23196.09,23468.24,9239.93644458,217358116.6370766
2023-03-03 00:00:00,23468.79,23477.28,21988.02,22358.18,21715.09355721,495605046.0250189
2023-03-04 00:00:00,22358.18,22409.82,22150.71,22350.95,2266.21497947,50576060.17604846
2023-03-05 00:00:00,22349.74,22654.64,22195.13,22432.69,5291.96467583,118582609.05423243
2023-03-06 00:00:00,22431.99,22599.99,22264.73,22410.31,10660.04864303,239070299.2053163
2023-03-07 00:00:00,22410.13,22557.03,21932.74,22198.48,10381.24422759,231238010.76565507
2023-03-08 00:00:00,22198.09,22281.55,21580.84,21698.37,13343.72575834,292757506.8168241
2023-03-09 00:00:00,21699.41,21825.53,20050.0,20367.01,21326.08097071,447538205.6348226
2023-03-10 00:00:00,20366.97,20369.78,19568.52,20230.08,32126.59207482,646831584.2632138
2023-03-11 00:00:00,20230.07,20964.5,19900.5,20620.54,18920.85100043,386532220.30481195
2023-03-12 00:00:00,20619.34,22276.69,20446.24,22219.08,19165.53317335,409957222.9454025
2023-03-13 00:00:00,22216.02,24710.0,21882.63,24220.0,38654.82408388,899001525.1277108
2023-03-14 00:00:00,24220.0,26553.9,24052.0,24762.65,44100.36444555,1097972837.4009695
2023-03-15 00:00:00,24761.61,25300.0,23931.01,24377.16,30128.4276161,740931699.0854204
2023-03-16 00:00:00,24377.16,25235.28,24207.54,25051.85,20754.42573365,513007013.22126716
2023-03-17 00:00:00,25052.11,27834.54,24946.86,27453.62,40752.19373629,1072670379.9244877
2023-03-18 00:00:00,27453.75,27780.0,26652.45,26980.35,18096.24372219,492518905.4984959
2023-03-19 00:00:00,26980.35,28478.0,26904.0,28054.46,16897.41761964,466439737.69961053
2023-03-20 00:00:00,28058.15,28578.63,27218.36,27823.32,23782.6567676,664002620.6285365
2023-03-21 00:00:00,27822.85,28605.32,27414.77,28207.33,16193.18924882,453612806.8728445
2023-03-22 00:00:00,28201.22,28937.73,26678.16,27325.15,33974.43697526,943998926.9144903
2023-03-23 00:00:00,27324.05,28839.68,27189.19,28352.94,26698.29660165,745589045.6055976
2023-03-24 00:00:00,28352.95,28433.34,27027.88,27489.24,22190.91292623,617481069.9256194
2023-03-25 00:00:00,27489.24,27818.67,27184.78,27488.18,9655.9494554,265492430.44522953
2023-03-26 00:00:00,27489.56,28230.32,27445.04,27992.9,9800.64299441,272354527.46422195
2023-03-27 00:00:00,27995.27,28053.26,26525.0,27142.87,17268.16335715,473650179.539603
2023-03-28 00:00:00,27142.85,27519.99,26640.0,27274.15,14103.92919115,382840544.6870504
2023-03-29 00:00:00,27274.18,28654.06,27255.42,28359.54,17710.8595857,493881488.2349131
2023-03-30 00:00:00,28359.54,29190.04,27693.7,28035.48,20972.43924037,593932977.8311138
2023-03-31 00:00:00,28034.88,28650.2,27512.97,28474.4,18917.3621471,532866385.1627544
2023-04-01 00:00:00,28475.41,28826.45,28223.76,28471.46,6988.04239657,199154107.03129548
2023-04-02 00:00:00,28471.03,28544.21,27862.69,28188.34,6707.97702984,189611485.50242186
2023-04-03 00:00:00,28188.34,28525.0,27227.61,27811.77,16192.03702141,452376044.87081647
2023-04-04 00:00:00,27809.55,28450.0,27670.24,28179.64,13261.95025317,371697420.8928111
2023-04-05 00:00:00,28178.66,28799.99,27817.32,28175.37,15066.72449529,425527013.91093373
2023-04-06 00:00:00,28175.27,28199.11,27716.77,28053.46,10291.80646097,288542655.44024026
2023-04-07 00:00:00,28052.74,28120.71,27790.21,27931.94,5847.77200458,163584989.27892047
2023-04-08 00:00:00,27930.12,28175.89,27881.01,27958.81,3854.33490363,107869179.97120757
2023-04-09 00:00:00,27958.19,28547.67,27814.0,28340.99,6136.4286229,172833816.1550609
2023-04-10 00:00:00,28342.28,29794.47,28162.49,29660.41,15752.30418782,456657920.0782854
2023-04-11 00:00:00,29657.7,30584.58,29612.3,30227.19,18637.22157812,559497638.7457107
2023-04-12 00:00:00,30227.18,30517.0,29675.0,29912.2,14961.08403219,450071971.9723467
2023-04-13 00:00:00,29912.2,30627.05,29878.08,30406.78,12505.27274115,377734612.3141773
2023-04-14 00:00:00,30410.03,31050.0,30000.0,30492.92,19793.55777592,603470690.4422207
2023-04-15 00:00:00,30492.91,30622.38,30231.76,30324.11,5486.7222394,166893964.86639893
2023-04-16 00:00:00,30325.07,30572.1,30148.28,30326.09,6230.24911461,189043732.40596303
2023-04-17 00:00:00,30321.41,30340.21,29251.71,29449.91,13418.0380446,400405123.8616801
2023-04-18 00:00:00,29449.91,30500.0,29103.89,30393.4,12649.52217446,377737501.2692897
2023-04-19 00:00:00,30394.5,30430.72,28595.28,28809.72,20951.87851572,619286301.5817122
2023-04-20 00:00:00,28809.71,29102.69,27991.32,28248.18,17007.31210311,485354247.6157506
2023-04-21 00:00:00,28248.18,28371.88,27133.0,27253.85,19665.99126045,545765230.4773899
2023-04-22 00:00:00,27252.96,27887.78,27133.0,27821.41,7556.85769964,207993345.49263015
2023-04-23 00:00:00,27820.99,27820.99,27333.2,27592.98,6255.76778325,172922183.29530784
2023-04-24 00:00:00,27592.7,28000.0,26965.14,27515.05,12258.59093046,337334632.76088035
2023-04-25 00:00:00,27513.85,28400.0,27194.51,28304.42,12013.57991051,334616583.8955176
2023-04-26 00:00:00,28304.42,30050.66,27230.77,28426.08,31636.39150463,901731513.4196175
2023-04-27 00:00:00,28428.86,29900.0,28387.07,29483.72,24310.36359778,706213935.3586942
2023-04-28 00:00:00,29486.97,29606.45,28900.0,29338.63,14184.03938836,416060604.67925626
2023-04-29 00:00:00,29339.47,29470.0,29057.3,29249.35,4909.72717806,143752049.3382341
2023-04-30 00:00:00,29249.24,29969.99,29095.92,29247.14,6837.06831371,200945351.9615465
2023-05-01 00:00:00,29240.49,29348.6,27664.31,28077.27,17953.11670042,513147965.236802
2023-05-02 00:00:00,28077.44,28899.99,27871.44,28684.4,13258.60505694,376323196.93823355
2023-05-03 00:00:00,28683.41,29276.12,28122.0,29038.75,15605.28754268,449121267.8484584
2023-05-04 00:00:00,29039.36,29383.5,28674.58,28857.23,10407.16067489,301689720.4234618
2023-05-05 00:00:00,28857.88,29706.57,28810.0,29536.76,14691.1261171,429389332.6531907
2023-05-06 00:00:00,29538.87,29850.0,28394.0,28902.66,8546.79874854,249321935.44418168
2023-05-07 00:00:00,28901.3,29189.71,28429.12,28474.53,5884.67007423,169176408.5995634
2023-05-08 00:00:00,28472.68,28676.38,27279.66,27695.06,15859.41839592,444554484.78802174
2023-05-09 00:00:00,27693.24,27833.64,27367.01,27647.29,8888.42683618,245634297.70375097
2023-05-10 00:00:00,27647.29,28334.75,26800.0,27624.01,18590.96989908,513138888.05658036
2023-05-11 00:00:00,27621.5,27649.85,26702.0,26986.56,13438.74631738,366071147.3136391
2023-05-12 00:00:00,26986.79,27099.21,25810.0,26808.84,18458.49543497,492402700.507301
2023-05-13 00:00:00,26808.8,27060.24,26700.0,26789.48,4782.64422745,128364401.48639384
2023-05-14 00:00:00,26786.99,27221.51,26581.52,26929.98,4393.20531359,118089358.8292992
2023-05-15 00:00:00,26929.98,27678.73,26740.95,27171.13,11889.94842508,322576649.03723437
2023-05-16 00:00:00,27165.26,27302.99,26860.12,27037.68,11209.90767959,303693354.02545846
2023-05-17 00:00:00,27037.72,27516.58,26543.87,27407.77,13308.63176925,361016400.0590836
2023-05-18 00:00:00,27407.76,27487.71,26361.52,26820.49,12604.94858584,340577769.67178774
2023-05-19 00:00:00,26819.64,27190.35,26632.73,26890.27,7587.52629065,203977347.1843009
2023-05-20 00:00:00,26890.27,27178.99,26836.21,27113.61,3127.42757901,84455462.46282189
2023-05-21 00:00:00,27113.97,27288.02,26667.63,26752.65,5534.52475759,149186255.68363842
2023-05-22 00:00:00,26751.0,27105.63,26536.99,26854.73,8554.42214009,229361914.93203035
2023-05-23 00:00:00,26854.09,27500.0,26803.46,27223.22,11594.53703302,314156212.8580557
2023-05-24 00:00:00,27222.86,27225.0,26070.04,26321.4,17340.61730838,463164853.69880074
2023-05-25 00:00:00,26321.42,26625.93,25864.35,26479.06,12094.45706071,318358643.9273805
2023-05-26 00:00:00,26479.15,26950.0,26334.33,26714.86,9858.60032184,262431849.24824727
2023-05-27 00:00:00,26711.56,26943.6,26559.96,26867.99,3348.37908169,89638711.38157731
2023-05-28 00:00:00,26870.13,28277.56,26780.11,28070.04,9725.64198967,267449902.8692506
2023-05-29 00:00:00,28070.04,28473.93,27534.81,27744.82,11355.24110493,317445984.80531263
2023-05-30 00:00:00,27744.81,28057.23,27555.0,27700.15,12024.45830459,333850637.6449824
2023-05-31 00:00:00,27700.68,27844.89,26842.94,27223.08,15163.06255735,415511849.0451499
2023-06-01 00:00:00,27221.54,27360.31,26615.0,26828.42,11927.59445097,322120402.754134
2023-06-02 00:00:00,26827.73,27307.44,26508.0,27250.69,12206.16873203,329242665.0775056
2023-06-03 00:00:00,27252.67,27341.13,26923.35,27077.6,3589.32341986,97445419.86221042
2023-06-04 00:00:00,27078.27,27466.83,26958.98,27122.04,4115.09881956,111751804.54634573
2023-06-05 00:00:00,27122.03,27137.75,25391.43,25741.5,16641.46931851,438472387.4649055
2023-06-06 00:00:00,25741.5,27368.67,25351.92,27243.63,18531.05925936,489709740.34332895
2023-06-07 00:00:00,27243.45,27402.79,26121.06,26346.41,16094.37567105,430982072.0649763
2023-06-08 00:00:00,26347.09,26820.3,26212.63,26508.32,8160.84833962,216034670.9185295
2023-06-09 00:00:00,26505.71,26780.4,26283.5,26482.81,10536.83247431,279364145.75879085
2023-06-10 00:00:00,26482.8,26534.95,25385.52,25856.1,16967.73205546,442261263.60776615
2023-06-11 00:00:00,25856.1,26219.1,25648.0,25937.02,8653.83803604,224264688.6650686
2023-06-12 00:00:00,25936.98,26108.64,25616.98,25905.82,10491.06768405,271635826.0375294
2023-06-13 00:00:00,25905.99,26435.81,25710.78,25930.23,14396.74678337,374253546.34831846
2023-06-14 00:00:00,25929.35,26090.0,24821.0,25123.34,14480.51749351,369121749.18695766
2023-06-15 00:00:00,25123.41,25749.99,24750.0,25569.99,18601.18891862,470579341.1763979
2023-06-16 00:00:00,25569.99,26486.56,25143.24,26329.6,16632.7425402,430494422.3034892
2023-06-17 00:00:00,26329.6,26783.2,26165.98,26506.56,7209.4251028,190662871.42605823
2023-06-18 00:00:00,26507.97,26693.11,26245.27,26336.46,5233.68378154,138408444.26568183
2023-06-19 00:00:00,26336.46,27040.64,26250.0,26837.78,9643.06748389,256662005.6260627
2023-06-20 00:00:00,26839.04,28417.11,26637.41,28320.43,28704.55295587,790910828.1081816
2023-06-21 00:00:00,28320.41,30800.0,28271.67,29995.08,31445.78143275,922832744.0928134
2023-06-22 00:00:00,29999.85,30513.25,29539.57,29886.31,18457.66785815,553448464.0213238
2023-06-23 00:00:00,29886.25,31443.67,29802.65,30707.61,22659.54058513,690210625.9023861
2023-06-24 00:00:00,30709.59,30815.92,30265.88,30547.18,6883.28318615,210522755.4746587
2023-06-25 00:00:00,30547.3,31057.86,30288.33,30480.24,6265.47434464,191682366.4432256
2023-06-26 00:00:00,30480.24,30662.66,29900.0,30272.18,12491.83081677,378861863.7207294
2023-06-27 00:00:00,30272.24,31020.54,30228.44,30697.38,11995.526853,366519124.55901647
2023-06-28 00:00:00,30696.06,30716.93,29840.0,30074.94,9391.66542094,284867831.19380724
2023-06-29 00:00:00,30074.93,30838.0,30036.18,30446.47,12261.34048625,372118134.9764502
2023-06-30 00:00:00,30445.67,31277.0,29417.14,30466.72,26013.22734909,790844578.0059834
2023-07-01 00:00:00,30466.73,30659.33,30312.8,30587.21,4012.76538882,122415497.55743165
2023-07-02 00:00:00,30587.22,30791.75,30165.39,30613.51,4829.83871313,147500702.40987545
2023-07-03 00:00:00,30613.57,31399.08,30569.0,31161.8,11391.98257522,352420806.5494018
2023-07-04 00:00:00,31162.71,31333.0,30628.3,30771.25,7233.95188576,224063087.42843136
2023-07-05 00:00:00,30772.93,30882.95,30189.56,30499.27,8782.6192239,268626750.49711764
2023-07-06 00:00:00,30499.27,31525.1,29850.0,29899.38,17229.92231032,524538062.98408246
2023-07-07 00:00:00,29895.6,30456.0,29715.87,30352.08,11137.14221055,335282413.32010907
2023-07-08 00:00:00,30350.35,30388.91,30047.78,30291.69,3856.11078847,116723249.25181155
2023-07-09 00:00:00,30291.69,30451.78,30066.95,30168.38,3884.04687903,117471832.64219865
2023-07-10 00:00:00,30168.26,31055.75,29955.0,30419.89,12703.78162563,386191467.8792049
2023-07-11 00:00:00,30419.89,30811.65,30304.45,30626.55,10653.5761104,325366979.4324461
2023-07-12 00:00:00,30624.65,31000.0,30200.0,30381.81,14881.70511963,454660125.35846466
2023-07-13 00:00:00,30383.26,31862.21,30250.73,31471.83,26135.6192364,809995307.3916531
2023-07-14 00:00:00,31471.83,31645.66,29920.31,30330.52,19272.20339271,594394838.8142332
2023-07-15 00:00:00,30330.93,30406.27,30254.67,30301.65,2559.07232743,77599722.6321443
2023-07-16 00:00:00,30302.01,30457.03,30075.93,30247.64,4021.41012275,121730708.3857476
2023-07-17 00:00:00,30247.56,30345.45,29668.58,30143.08,10632.8066781,320059894.8126067
2023-07-18 00:00:00,30143.08,30249.3,29525.0,29861.93,11124.83936583,333131395.7749887
2023-07-19 00:00:00,29861.92,30196.24,29757.44,29916.72,8804.54675154,263547202.27758694
2023-07-20 00:00:00,29916.69,30421.29,29564.19,29809.13,11494.95348803,344018956.37290144
2023-07-21 00:00:00,29809.13,30060.28,29729.48,29907.98,7598.61053359,227021540.3045927
2023-07-22 00:00:00,29907.15,30002.38,29626.86,29795.03,3629.48251055,108277825.46227412
2023-07-23 00:00:00,29793.62,30350.7,29733.55,30081.61,4513.83214295,135369239.1688919
2023-07-24 00:00:00,30081.61,30099.99,28850.0,29176.98,14484.27557634,428041412.05195826
2023-07-25 00:00:00,29176.98,29376.51,29046.0,29225.14,7140.85368901,208556897.52568206
2023-07-26 00:00:00,29225.11,29686.41,29089.54,29353.23,9635.09206614,282679847.12662315
2023-07-27 00:00:00,29350.88,29571.42,29075.0,29214.92,7327.4507106,214716691.1825009
2023-07-28 00:00:00,29214.93,29532.45,29115.32,29316.15,7105.49434797,208153414.09415612
2023-07-29 00:00:00,29316.05,29411.09,29253.44,29355.71,2893.05298823,84865026.10308048
2023-07-30 00:00:00,29356.65,29450.0,29033.0,29281.39,4387.57256615,128469265.5057392
2023-07-31 00:00:00,29280.41,29526.99,29102.65,29230.67,8793.83887155,257529154.24433863
2023-08-01 00:00:00,29230.61,29726.73,28477.0,29697.27,17751.31113096,519809913.09506637
2023-08-02 00:00:00,29699.25,30033.0,28903.79,29164.22,17967.34799565,529139566.3495123
2023-08-03 00:00:00,29163.87,29399.97,28938.93,29174.18,8920.01477716,260190029.53848958
2023-08-04 00:00:00,29174.84,29312.28,28747.1,29076.48,7291.14687702,212009599.26725253
2023-08-05 00:00:00,29077.04,29111.87,28946.17,29047.12,2490.84710469,72348024.12162863
2023-08-06 00:00:00,29047.33,29163.24,28955.0,29040.01,2461.64012073,71514079.49517491
2023-08-07 00:00:00,29040.01,29246.0,28660.53,29179.21,9200.08523317,267091699.4414478
2023-08-08 00:00:00,29179.28,30222.0,29104.65,29770.01,15610.25491294,461579393.36689913
2023-08-09 00:00:00,29770.01,30128.88,29344.16,29562.76,10451.45167511,310423295.4843251
2023-08-10 00:00:00,29562.76,29709.38,29306.0,29424.03,7104.55622213,209588262.7745855
2023-08-11 00:00:00,29424.04,29534.14,29213.59,29400.45,5961.21744691,175218392.28398523
2023-08-12 00:00:00,29400.45,29477.31,29349.98,29416.96,1906.1707986,56062722.93751436
2023-08-13 00:00:00,29417.19,29447.6,29247.15,29275.94,2128.37437697,62461338.98970728
2023-08-14 00:00:00,29275.78,29665.27,29072.96,29405.49,7063.46806345,207347222.06906685
2023-08-15 00:00:00,29405.49,29464.62,29046.58,29170.14,5815.32226178,170224412.2650626
2023-08-16 00:00:00,29170.13,29231.92,28690.37,28700.51,9669.42535941,279912773.4455967
2023-08-17 00:00:00,28700.51,28751.84,25234.76,26627.57,27723.2108711,757638481.2367043
2023-08-18 00:00:00,26627.21,26834.37,25610.0,26048.89,21190.13041519,556879117.151517
2023-08-19 00:00:00,26048.9,26269.11,25793.11,26096.42,6554.05344759,170745446.7004682
2023-08-20 00:00:00,26096.4,26296.78,25975.01,26189.14,4345.07228674,113577289.2396322
2023-08-21 00:00:00,26189.36,26260.25,25814.0,26125.18,9936.98111023,259327358.58744156
2023-08-22 00:00:00,26125.16,26137.99,25350.0,26042.11,12418.87289323,321820374.663677
2023-08-23 00:00:00,26041.94,26818.28,25796.47,26427.54,15743.86437208,413607966.1911151
2023-08-24 00:00:00,26427.73,26567.38,25850.0,26163.49,10002.33992977,262582928.1873115
2023-08-25 00:00:00,26163.49,26294.53,25750.0,26049.39,10926.33773703,284787918.31200224
2023-08-26 00:00:00,26049.4,26115.44,25971.44,26009.61,1862.15021008,48483822.735617146
2023-08-27 00:00:00,26009.62,26171.87,25961.81,26091.16,2069.84831133,53937380.25334861
2023-08-28 00:00:00,26091.16,26232.88,25850.0,26101.04,5460.42038393,142346443.09198287
2023-08-29 00:00:00,26101.03,28184.89,25903.18,27717.98,21402.10102797,577359556.9483103
2023-08-30 00:00:00,27717.15,27775.0,27015.75,27306.06,9793.95679478,268878294.9259248
2023-08-31 00:00:00,27306.06,27576.99,25660.61,25932.45,14462.02738125,384965104.56724674
2023-09-01 00:00:00,25931.51,26142.28,25307.37,25794.88,14995.72610123,386799909.01238763
2023-09-02 00:00:00,25795.61,25982.48,25707.3,25867.83,3810.77429103,98463948.4177919
2023-09-03 00:00:00,25867.82,26123.0,25792.29,25969.83,3434.5195669,89085375.63835043
2023-09-04 00:00:00,25969.83,26093.07,25627.0,25816.13,4635.8154655,119958713.66162674
2023-09-05 00:00:00,25816.14,25884.04,25551.36,25783.91,6051.14811848,155870692.35106006
2023-09-06 00:00:00,25782.49,26025.78,25358.0,25747.63,9374.33792185,241187418.8638697
2023-09-07 00:00:00,25747.63,26440.55,25595.8,26276.3,10885.13902329,283177653.65062094
2023-09-08 00:00:00,26276.38,26460.41,25640.1,25906.34,11149.95850667,290688421.860381
2023-09-09 00:00:00,25906.33,25942.69,25791.45,25897.82,2225.82211069,57614453.79625834
2023-09-10 00:00:00,25897.82,26023.89,25578.01,25831.76,4361.60285333,112672719.50170293
2023-09-11 00:00:00,25831.77,25891.6,24900.0,25152.14,13404.11510617,341052662.75728893
2023-09-12 00:00:00,25152.13,26556.91,25120.76,25840.61,19789.48058328,507948521.2930992
2023-09-13 00:00:00,25839.95,26413.59,25763.43,26226.65,10099.7383701,263208322.18803093
2023-09-14 00:00:00,26227.16,26869.06,26128.25,26532.76,12929.08237721,341835984.66388613
2023-09-15 00:00:00,26532.5,26892.65,26213.96,26602.42,9345.93913701,248231718.30070552
2023-09-16 00:00:00,26601.71,26777.0,26453.32,26569.69,4132.04817572,109914258.25486755
2023-09-17 00:00:00,26569.69,26626.49,26405.04,26530.95,3252.26976131,86292611.79830308
2023-09-18 00:00:00,26530.96,27427.34,26382.13,26764.49,17493.70820354,468415554.41087395
2023-09-19 00:00:00,26764.03,27500.0,26666.93,27216.13,14386.07884728,388953140.9609716
2023-09-20 00:00:00,27216.52,27393.78,26798.98,27123.94,11590.24027633,314481524.44094616
2023-09-21 00:00:00,27122.65,27163.48,26359.7,26564.54,11801.98943642,316323913.5536699
2023-09-22 00:00:00,26564.54,26742.86,26467.94,26578.4,8563.0523313,227678160.31236848
2023-09-23 00:00:00,26578.4,26638.58,26513.0,26579.6,2597.25705711,69028326.72335003
2023-09-24 00:00:00,26579.59,26731.1,26118.86,26250.24,4587.80529114,121209574.93214102
2023-09-25 00:00:00,26248.17,26444.95,25983.78,26296.08,10762.98401397,282455626.4096981
2023-09-26 00:00:00,26296.07,26397.59,26080.0,26208.44,7016.42122845,184149658.7618152
2023-09-27 00:00:00,26208.43,26830.0,26088.37,26357.62,14123.89690964,372462768.41329193
2023-09-28 00:00:00,26357.56,27313.86,26321.37,27027.14,18975.87763693,507699274.0982035
2023-09-29 00:00:00,27027.44,27238.9,26661.71,26907.0,12712.27177691,342707115.66916966
2023-09-30 00:00:00,26905.57,27097.25,26884.86,26961.0,4413.30948101,118992400.48960339
2023-10-01 00:00:00,26961.0,28062.62,26955.25,27995.46,8747.06888783,240488260.10073733
2023-10-02 00:00:00,27995.46,28613.37,27302.3,27504.04,25148.25341854,700474232.4574289
2023-10-03 00:00:00,27504.03,27672.12,27160.47,27428.96,14334.10857629,393347935.4148615
2023-10-04 00:00:00,27428.96,27842.38,27208.65,27786.75,10238.17053376,282232422.08044374
2023-10-05 00:00:00,27786.12,28140.0,27358.05,27412.96,14136.04783544,391204981.2314801
2023-10-06 00:00:00,27413.15,28288.88,27173.41,27945.17,12908.75146274,357638927.85980976
2023-10-07 00:00:00,27945.17,28040.84,27861.2,27976.43,3489.91595717,97563776.40620837
2023-10-08 00:00:00,27976.44,28109.94,27708.6,27933.55,4118.56381073,115040270.07101528
2023-10-09 00:00:00,27933.54,28003.7,27268.63,27596.67,10218.62556021,283062416.8450477
2023-10-10 00:00:00,27596.67,27739.94,27291.81,27393.29,10265.79357936,282365041.027052
2023-10-11 00:00:00,27393.28,27478.61,26521.32,26869.19,16466.26612207,445669372.35349774
2023-10-12 00:00:00,26867.97,26939.55,26537.72,26750.51,7881.21504857,211011159.13447267
2023-10-13 00:00:00,26752.06,27122.24,26662.62,26863.53,8694.60097059,233451014.2029507
2023-10-14 00:00:00,26863.54,26988.12,26797.0,26851.71,2786.76009652,74894435.36928393
2023-10-15 00:00:00,26851.71,27301.37,26806.06,27186.13,6215.85130529,168053729.42260987
2023-10-16 00:00:00,27186.13,30000.0,27135.92,28520.24,36471.7502374,1028888954.274065
2023-10-17 00:00:00,28520.24,28637.21,28083.19,28408.83,14171.43180714,402643928.5056508
2023-10-18 00:00:00,28408.51,28999.98,28151.6,28326.51,11820.68114047,336554296.19306266
2023-10-19 00:00:00,28326.24,28938.96,28122.57,28735.34,12662.68000489,361276105.7732155
2023-10-20 00:00:00,28734.51,30248.0,28591.85,29684.73,20095.91529217,589107184.9692345
2023-10-21 00:00:00,29684.73,30369.0,29475.06,29924.84,6369.9347533,190227957.28620985
2023-10-22 00:00:00,29925.91,30275.0,29670.0,30004.15,5720.28965895,171430016.52100268
2023-10-23 00:00:00,30004.14,35000.0,29890.89,33087.58,33228.46734771,1063166494.3649259
2023-10-24 00:00:00,33079.72,35157.23,32851.45,33922.52,38506.35962554,1299694759.7237527
2023-10-25 00:00:00,33921.66,35144.0,33690.91,34506.35,18668.45817435,640621770.2272875
2023-10-26 00:00:00,34504.33,34843.04,33735.86,34154.71,15867.44697165,544403933.8621211
2023-10-27 00:00:00,34153.35,34249.99,33400.0,33906.09,13879.04330119,470879263.8374533
2023-10-28 00:00:00,33905.96,34500.0,33867.38,34085.42,4372.52724873,149058098.4257586
2023-10-29 00:00:00,34085.42,34763.0,33937.31,34534.48,5547.09585659,190432091.97926715
2023-10-30 00:00:00,34534.48,34871.0,34077.9,34493.79,10183.77616922,351282153.9356042
2023-10-31 00:00:00,34493.51,34732.18,34038.79,34656.4,9282.02866788,320046390.51480937
2023-11-01 00:00:00,34656.38,35647.19,34079.46,35440.1,16197.45981756,566194882.4351171
2023-11-02 00:00:00,35440.1,35997.8,34311.73,34950.0,13455.65527035,473301429.48644876
2023-11-03 00:00:00,34947.92,34954.6,34100.0,34731.27,13961.70014519,484239893.99643964
2023-11-04 00:00:00,34730.32,35278.4,34599.85,35087.01,4696.70148339,164027109.45225662
2023-11-05 00:00:00,35087.43,35410.0,34500.0,35035.42,5892.67329337,206291958.84737176
2023-11-06 00:00:00,35035.79,35294.12,34753.66,35059.46,7088.27153194,248342962.48720336
2023-11-07 00:00:00,35059.46,35963.0,34530.67,35416.28,13841.59195597,487810262.8734591
2023-11-08 00:00:00,35416.63,36113.59,35103.14,35639.13,12253.15808483,435821827.7730988
2023-11-09 00:00:00,35639.13,37999.0,35555.16,36706.59,29045.85195583,1059446578.7133406
2023-11-10 00:00:00,36704.01,37548.8,36334.46,37324.83,15183.168535,561443585.6664433
2023-11-11 00:00:00,37324.84,37424.03,36701.5,37139.12,5344.45382766,198532417.1451368
2023-11-12 00:00:00,37139.94,37247.0,36740.9,37086.03,3317.50278576,122924981.65331762
2023-11-13 00:00:00,37086.5,37442.48,36351.0,36475.67,10543.29564712,388403545.8058846
2023-11-14 00:00:00,36475.68,36756.16,34758.64,35554.09,16008.49077729,574482981.2437648
2023-11-15 00:00:00,35554.1,37987.0,35358.45,37885.35,19941.6757032,731784218.4816604
2023-11-16 00:00:00,37885.35,37958.75,35511.11,36161.15,18455.96829165,680639315.6649066
2023-11-17 00:00:00,36161.15,36831.99,35869.0,36630.38,12218.85138403,444437869.8420031
2023-11-18 00:00:00,36631.56,36857.15,36205.89,36594.89,3468.39821362,126847551.44684522
2023-11-19 00:00:00,36596.14,37546.62,36404.52,37391.19,4366.44892344,161491443.26671517
2023-11-20 00:00:00,37389.06,37784.07,36720.0,37475.64,14114.01039926,527048093.2761688
2023-11-21 00:00:00,37472.76,37675.77,35744.9,35751.89,20837.73934338,763939238.5216374
2023-11-22 00:00:00,35755.33,37875.0,35633.0,37424.31,17606.97239528,645681307.0521927
2023-11-23 00:00:00,37424.31,37653.67,36888.0,37304.05,7211.31754936,269108396.7331234
2023-11-24 00:00:00,37304.04,38454.0,37257.56,37745.84,17507.8900414,659878678.5007809
2023-11-25 00:00:00,37746.29,37920.27,37615.91,37805.99,3567.42244915,134749091.00287545
2023-11-26 00:00:00,37806.84,37842.17,37156.72,37462.79,6113.0562518,229649978.9086833
2023-11-27 00:00:00,37462.01,37578.42,36715.1,37241.63,13510.45476059,503254847.4090975
2023-11-28 00:00:00,37241.64,38425.96,36873.55,37838.26,18156.47258233,682589908.6529905
2023-11-29 00:00:00,37838.26,38480.0,37581.93,37863.84,15162.68883049,575287690.6377873
2023-11-30 00:00:00,37864.79,38152.18,37500.0,37732.27,8081.19248391,305568555.37127495
2023-12-01 00:00:00,37732.27,39000.0,37618.25,38703.54,16395.90197806,627364841.2760284
2023-12-02 00:00:00,38706.55,39740.0,38660.03,39478.95,7540.7688183,295193820.5052448
2023-12-03 00:00:00,39467.42,40221.22,39293.02,39984.81,7153.15663784,284278015.0186233
2023-12-04 00:00:00,39984.81,42410.46,39983.6,41987.24,21993.05995554,903728427.9722207
2023-12-05 00:00:00,41985.53,45000.0,41384.03,44084.39,24018.76035474,1035532524.3195786
2023-12-06 00:00:00,44086.33,44290.37,43369.0,43764.05,15977.55938336,701054363.245917
2023-12-07 00:00:00,43766.41,44057.23,42846.53,43280.95,13055.36691088,567748924.0396291
2023-12-08 00:00:00,43281.11,44754.99,43087.17,44192.87,13579.40860176,595172374.8858402
2023-12-09 00:00:00,44192.86,44384.68,43586.14,43723.25,5469.40708431,240499305.24488425
2023-12-10 00:00:00,43722.84,44049.51,43562.06,43793.68,3919.09423649,171585872.0416255
2023-12-11 00:00:00,43793.67,43811.81,40150.0,41229.61,25524.67094691,1078322204.2959929
2023-12-12 00:00:00,41229.61,42088.56,40636.51,41477.39,13414.86773655,554812334.6084204
2023-12-13 00:00:00,41477.6,43475.0,40553.15,42885.54,15798.66423037,665089362.5072154
2023-12-14 00:00:00,42887.39,43442.15,41426.76,43027.77,15434.25971384,658981422.8416576
2023-12-15 00:00:00,43027.77,43095.71,41640.51,41933.89,10861.72864667,460803081.11879206
2023-12-16 00:00:00,41934.84,42680.2,41626.66,42237.29,5315.65582307,223894081.06461307
2023-12-17 00:00:00,42235.23,42367.82,41222.0,41349.59,6649.06495765,277888760.15793854
2023-12-18 00:00:00,41349.59,42754.79,40508.01,42650.01,13394.33474824,560092144.0985047
2023-12-19 00:00:00,42650.01,43461.86,41780.0,42266.22,13403.93447528,570196972.1996993
2023-12-20 00:00:00,42266.25,44324.86,42184.48,43674.77,19307.1089644,832379472.8675016
2023-12-21 00:00:00,43673.11,44250.0,43295.78,43875.32,13170.9728222,576540270.3086449
2023-12-22 00:00:00,43875.56,44424.36,43412.82,44013.73,10733.55348079,471542365.9338599
2023-12-23 00:00:00,44013.65,44033.84,43333.35,43726.35,4075.08953972,178394369.57469067
2023-12-24 00:00:00,43728.36,43985.67,42614.17,43025.03,4947.00165569,214394678.95730233
2023-12-25 00:00:00,43025.02,43818.29,42755.35,43589.67,4799.73104807,207814351.16609827
2023-12-26 00:00:00,43589.67,43605.0,41600.67,42515.53,13035.02745535,558260473.4624736
2023-12-27 00:00:00,42521.21,43709.98,42111.47,43474.4,12917.48404475,554861032.7914633
2023-12-28 00:00:00,43469.06,43830.34,42265.08,42581.23,13583.91599843,584603216.0325228
2023-12-29 00:00:00,42581.23,43137.1,41300.0,42063.45,16756.43323881,708301889.61729
2023-12-30 00:00:00,42064.22,42593.73,41518.19,42141.03,11609.82377015,488533170.29759467
2023-12-31 00:00:00,42139.32,42850.0,41964.68,42288.06,11397.57303743,482237184.9637776
2024-01-01 00:00:00,42288.58,44240.8,42175.65,44220.78,7977.72851143,344888791.1997818
2024-01-02 00:00:00,44220.78,45925.82,44195.13,44972.8,29583.38407747,1326182652.9152544
2024-01-03 00:00:00,44972.81,45519.32,40625.68,42862.44,32281.85234351,1404101185.2967389
2024-01-04 00:00:00,42860.58,44800.0,42650.0,44193.29,18193.81684353,793722862.3167924
2024-01-05 00:00:00,44198.35,44443.37,42450.0,44186.59,18073.09561495,791955413.9642117
2024-01-06 00:00:00,44187.76,44260.95,43436.5,43992.44,5691.43460343,250249035.79498756
2024-01-07 00:00:00,43992.79,44510.01,43629.7,43950.28,5931.34650683,261101995.51647887
2024-01-08 00:00:00,43954.52,47330.0,43200.44,46995.1,26447.17326625,1199908647.7973614
2024-01-09 00:00:00,46995.09,47901.0,44701.54,46124.08,26305.56366042,1221378566.3817656
2024-01-10 00:00:00,46120.79,47732.5,44320.01,46666.11,36534.39765866,1688249126.9830241
2024-01-11 00:00:00,46678.54,49102.29,45555.55,46342.66,38150.89478822,1790030827.2485332
2024-01-12 00:00:00,46344.96,46522.2,41444.97,42773.03,46862.43347199,2074660382.3441763
2024-01-13 00:00:00,42775.1,43250.0,42427.0,42839.33,10998.76404264,470998505.2740966
2024-01-14 00:00:00,42839.32,43064.13,41680.73,41697.33,7834.26155365,331548906.3842045
2024-01-15 00:00:00,41698.13,43331.91,41680.0,42490.16,10869.45830576,459778629.8065633
2024-01-16 00:00:00,42481.69,43569.23,42028.02,43130.45,18180.4405406,778165533.7218492
2024-01-17 00:00:00,43130.35,43185.47,42160.0,42739.49,16381.8407159,701205484.1358601
2024-01-18 00:00:00,42737.68,42877.22,40600.05,41293.5,25097.42399202,1051007647.9740208
2024-01-19 00:00:00,41290.57,42159.52,40236.49,41624.07,22745.55271173,940020525.8463372
2024-01-20 00:00:00,41623.94,41846.15,41418.55,41666.67,4836.63124969,201391654.28695133
2024-01-21 00:00:00,41666.67,41858.59,41472.49,41554.05,3138.26294449,130670835.56952739
2024-01-22 00:00:00,41553.92,41658.0,39372.44,39524.27,26539.34338688,1075564149.3866692
2024-01-23 00:00:00,39524.27,40144.49,38501.0,39878.3,21966.56334645,867943180.4433825
2024-01-24 00:00:00,39878.28,40527.26,39382.15,40077.78,17438.97734668,696972577.4615878
2024-01-25 00:00:00,40079.87,40282.87,39503.0,39941.66,12978.7331205,518524398.82024795
2024-01-26 00:00:00,39941.66,42243.14,39805.95,41814.8,19359.37921096,792793439.8274672
2024-01-27 00:00:00,41814.96,42199.99,41383.94,42126.55,3774.45056434,158079122.8873267
2024-01-28 00:00:00,42126.55,42839.07,41617.53,42034.59,4298.44263812,181198420.78985804
2024-01-29 00:00:00,42034.57,43326.77,41787.35,43306.18,12529.09255982,533911210.8755213
2024-01-30 00:00:00,43303.3,43872.99,42680.2,42942.78,16384.61219735,707812256.7337941
2024-01-31 00:00:00,42937.72,43741.94,42265.77,42548.08,15320.62044085,656846743.6947784
2024-02-01 00:00:00,42545.47,43276.19,41846.04,43078.81,11526.63383073,492033124.66126955
2024-02-02 00:00:00,43080.38,43700.0,42527.58,43181.66,12202.24125895,526189989.47615176
2024-02-03 00:00:00,43183.62,43358.13,42863.58,43010.67,2254.45335539,97175957.43073057
2024-02-04 00:00:00,43007.82,43100.0,42228.01,42568.55,2643.251649,112935821.06408066
2024-02-05 00:00:00,42571.91,43520.0,42235.0,42657.67,8756.87806894,374322779.6822292
2024-02-06 00:00:00,42658.3,43372.79,42516.07,43095.79,7940.36830921,340727060.1698292
2024-02-07 00:00:00,43097.16,44430.0,42760.44,44343.61,12440.36853251,543119152.4195365
2024-02-08 00:00:00,44345.94,45637.38,44335.0,45305.2,19283.80580787,865956269.5515134
2024-02-09 00:00:00,45304.83,48230.02,45252.93,47160.41,22108.85067543,1027775191.5191215
2024-02-10 00:00:00,47157.01,48179.43,46889.53,47767.06,5663.309891,268997351.5050149
2024-02-11 00:00:00,47767.06,48614.0,47590.3,48316.3,5243.1260706,252047110.80016717
2024-02-12 00:00:00,48321.14,50363.42,47715.67,49941.81,18545.08725852,910295066.078956
2024-02-13 00:00:00,49941.95,50423.42,48327.81,49725.36,20471.56790372,1015484653.7417456
2024-02-14 00:00:00,49724.55,52111.0,49253.92,51858.59,20249.94369733,1027421697.1205877
2024-02-15 00:00:00,51858.51,52890.0,51353.49,51934.29,18465.04404385,960349814.392288
2024-02-16 00:00:00,51935.23,52608.2,51597.87,52162.64,13816.27351282,719496052.2095116
2024-02-17 00:00:00,52162.65,52214.05,50642.36,51666.22,5387.3486576,278371416.43842
2024-02-18 00:00:00,51666.23,52400.0,51174.38,52153.63,3997.17143898,207247583.18424088
2024-02-19 00:00:00,52153.63,52501.01,51687.98,51787.05,6009.01451962,312663552.2484298
2024-02-20 00:00:00,51787.05,53000.0,50764.01,52277.52,15888.87599974,825540634.2055111
2024-02-21 00:00:00,52277.53,52394.91,50628.6,51851.67,13735.03407249,711312382.51466
2024-02-22 00:00:00,51851.46,52076.0,50905.65,51258.7,13104.51408087,675183256.5242461
2024-02-23 00:00:00,51260.29,51512.68,50513.01,50747.05,11679.16625824,595733919.8856175
2024-02-24 00:00:00,50746.98,51696.19,50576.55,51570.65,3448.96576791,176406295.64351028
2024-02-25 00:00:00,51568.63,51967.82,51275.01,51731.0,3617.40106809,186786728.85248402
2024-02-26 00:00:00,51730.96,54980.0,50901.23,54533.48,22422.38763854,1189203112.1444466
2024-02-27 00:00:00,54530.32,57646.81,54490.8,57077.07,28791.48651731,1610487787.7038815
2024-02-28 00:00:00,57077.08,64100.0,56723.48,62518.9,48265.6721171,2901001706.7325597
2024-02-29 00:00:00,62520.06,63675.48,60355.61,61179.03,36825.89535085,2280721420.9818087
2024-03-01 00:00:00,61179.03,63267.18,60788.33,62436.72,24696.65692545,1529163034.6284816
2024-03-02 00:00:00,62439.74,62500.0,61623.39,62045.78,6882.38410251,427755502.48158485
2024-03-03 00:00:00,62045.78,63260.0,61388.0,63154.49,7314.17629968,456858573.73751235
2024-03-04 00:00:00,63155.74,68602.98,62300.0,68360.14,40600.36656889,2663575477.6475563
2024-03-05 00:00:00,68356.7,69324.58,59224.68,63800.78,65575.09537327,4273967334.988576
2024-03-06 00:00:00,63802.15,67654.06,62832.39,66122.28,34655.98799427,2256199082.714321
2024-03-07 00:00:00,66115.48,68098.09,65599.63,66938.21,22228.36739914,1482362086.429657
2024-03-08 00:00:00,66938.21,70199.0,66157.09,68289.16,33749.52797544,2291453395.234198
2024-03-09 00:00:00,68289.16,68700.41,68047.62,68480.0,9005.50992187,615790442.0867505
2024-03-10 00:00:00,68480.01,70000.0,68221.13,69032.12,12163.05713369,838439848.7596499
2024-03-11 00:00:00,69032.8,72943.98,67112.21,72110.98,32332.72583229,2272990383.514543
2024-03-12 00:00:00,72110.98,73027.63,68603.0,71475.93,29420.19277654,2097788752.512627
2024-03-13 00:00:00,71473.43,73709.99,71337.3,73135.04,21455.92195688,1553707845.2301908
2024-03-14 00:00:00,73135.04,73835.57,68454.47,71364.58,34226.602618,2453958931.942832
2024-03-15 00:00:00,71364.58,72414.96,65565.7,69506.88,40195.84231178,2802173960.9563885
2024-03-16 00:00:00,69514.87,70050.0,64774.05,65254.22,16532.825303,1114284071.6268055
2024-03-17 00:00:00,65254.22,68877.82,64505.0,68343.64,12631.85084112,843115031.8051974
2024-03-18 00:00:00,68354.29,68933.71,66562.65,67613.04,20057.37580028,1361212311.6151779
2024-03-19 00:00:00,67609.39,68136.39,61506.0,61906.27,40111.97553957,2598835340.6206646
2024-03-20 00:00:00,61902.57,68150.0,60771.14,67858.8,38590.78345488,2495690181.7437077
2024-03-21 00:00:00,67855.88,68234.56,64525.0,65484.7,18523.96247162,1232307251.7632072
2024-03-22 00:00:00,65478.98,66651.1,62258.36,63814.56,17807.65930238,1149497763.713106
2024-03-23 00:00:00,63814.56,66029.09,63013.19,63998.86,7395.08270425,474867286.1395067
2024-03-24 00:00:00,63998.87,67637.6,63785.57,67204.93,6535.8276512,429121153.1192182
2024-03-25 00:00:00,67212.69,71269.92,66381.84,69890.28,22228.13803338,1526821515.941013
2024-03-26 00:00:00,69895.6,71582.96,69269.69,69992.4,15697.73440865,1101748040.3529418
2024-03-27 00:00:00,69994.9,71789.85,68369.62,69435.96,18703.73738295,1307346026.7830818
2024-03-28 00:00:00,69437.16,71635.99,68841.01,70801.18,15224.17928189,1068415165.8341769
2024-03-29 00:00:00,70804.06,70941.7,69036.95,69903.75,7365.03204354,516816193.02195215
2024-03-30 00:00:00,69903.74,70363.25,69569.03,69626.87,3262.62331859,227945535.39863804
2024-03-31 00:00:00,69623.86,71399.91,69587.86,71288.9,4424.66955382,311829173.0741804
2024-04-01 00:00:00,71291.5,71313.8,68055.15,69681.82,13916.60016523,975352820.2507384
2024-04-02 00:00:00,69681.85,69711.0,64521.61,65464.14,23496.58634089,1582369383.322018
2024-04-03 00:00:00,65472.0,66944.06,64500.0,65987.92,14506.55934744,953458047.1370445
2024-04-04 00:00:00,65984.18,69367.19,65073.95,68525.23,18624.08140025,1252239233.960502
2024-04-05 00:00:00,68528.69,68783.99,66000.0,67856.51,15515.82134206,1051853176.3777808
2024-04-06 00:00:00,67856.51,69685.0,67469.19,68919.89,3985.44167764,272933597.5416288
2024-04-07 00:00:00,68919.57,70312.0,68846.23,69350.34,5766.41938443,399941751.07058996
2024-04-08 00:00:00,69350.36,72777.0,69037.33,71622.53,16648.69284289,1177009391.4186897
2024-04-09 00:00:00,71616.31,71761.37,68200.0,69117.01,15143.52341376,1062676652.5332762
2024-04-10 00:00:00,69115.79,71159.6,67463.07,70634.04,16655.987797,1159142240.7550957
2024-04-11 00:00:00,70638.4,71305.86,69530.0,70020.73,11001.16448135,774193171.4164934
2024-04-12 00:00:00,70020.71,71265.74,65110.31,67148.61,23509.75554216,1607746194.597427
2024-04-13 00:00:00,67148.62,69100.0,60822.01,64024.77,27548.47240557,1798194855.5303152
2024-04-14 00:00:00,64021.36,65890.91,62150.0,65777.05,21604.05147827,1392593485.600533
2024-04-15 00:00:00,65764.56,66928.82,62315.08,63452.18,21672.73701332,1400387369.753594
2024-04-16 00:00:00,63452.18,64400.0,61645.09,63814.94,17710.28213211,1121557676.6520739
2024-04-17 00:00:00,63814.94,64524.14,59648.33,61279.36,21812.15297865,1359261229.9334912
2024-04-18 00:00:00,61275.73,64210.0,60816.07,63513.85,15249.84211445,952412305.0546755
2024-04-19 00:00:00,63514.84,65498.99,59573.32,63848.37,22838.07934159,1441285608.5988822
2024-04-20 00:00:00,63841.96,65463.08,63121.15,64968.87,5157.40726514,331872788.1137866
2024-04-21 00:00:00,64960.82,65725.81,64250.0,64952.92,4487.48723219,291562759.35115117
2024-04-22 00:00:00,64952.92,67272.73,64520.0,66859.17,10977.05178637,723400940.0691856
2024-04-23 00:00:00,66856.07,67225.66,65823.66,66414.16,8840.16749844,588577357.5272917
2024-04-24 00:00:00,66418.0,67077.97,63542.56,64255.78,15083.5524347,985311606.4434391
2024-04-25 00:00:00,64255.77,65287.69,62747.18,64484.44,13256.29877715,850971794.7516483
2024-04-26 00:00:00,64484.44,64810.0,63287.76,63742.39,10151.96247701,650549404.9037433
2024-04-27 00:00:00,63742.39,63900.0,62389.0,63422.0,5312.16741262,336596709.74401695
2024-04-28 00:00:00,63422.34,64333.33,62743.81,63108.94,4415.96831554,279981686.81854016
2024-04-29 00:00:00,63109.76,64200.0,61741.01,63844.85,10712.13554316,677263039.9278713
2024-04-30 00:00:00,63845.01,64727.81,59040.3,60622.1,21106.65540758,1309853812.141203
2024-05-01 00:00:00,60621.2,60785.49,56500.0,58265.59,26611.9312734,1571250121.0105455
2024-05-02 00:00:00,58267.81,59641.03,56903.79,59071.89,13593.00905888,794798599.7729502
2024-05-03 00:00:00,59070.3,63365.72,58821.05,62913.03,15954.29032707,973890166.1474288
2024-05-04 00:00:00,62913.03,64546.0,62565.82,63902.88,6414.57464352,407209594.5361482
2024-05-05 00:00:00,63902.88,64636.75,62908.34,64023.45,4474.5195919,285777968.49012834
2024-05-06 00:00:00,64023.45,65523.44,62704.48,63162.24,11241.77217344,717825403.4039642
2024-05-07 00:00:00,63161.35,64415.06,62252.64,62315.76,8994.93773002,567006716.224431
2024-05-08 00:00:00,62315.75,63013.05,60851.04,61169.53,7486.42596849,462940686.7144103
2024-05-09 00:00:00,61169.53,63424.14,60601.6,63073.57,8360.0553824,518885313.0310511
2024-05-10 00:00:00,63073.55,63470.0,60150.0,60787.47,11511.12990976,712196542.8549782
2024-05-11 00:00:00,60787.99,61482.0,60450.13,60814.63,2338.06810837,142350208.06371522
2024-05-12 00:00:00,60814.64,61843.45,60576.05,61453.02,2694.97577935,164856492.42948452
2024-05-13 00:00:00,61453.01,63456.18,60738.51,62932.37,9170.80865115,569920064.1148682
2024-05-14 00:00:00,62927.44,63103.02,61024.51,61539.84,13456.61307634,836311042.7390645
2024-05-15 00:00:00,61539.7,66480.0,61299.57,66244.69,21821.38858725,1394190120.014104
2024-05-16 00:00:00,66244.68,66772.83,64588.5,65252.18,12012.70197182,789409274.3305091
2024-05-17 00:00:00,65252.17,67500.0,65113.46,67046.33,11710.00723895,775530242.3211081
2024-05-18 00:00:00,67046.34,67407.79,66624.06,66923.87,3880.58113972,260000934.86052695
2024-05-19 00:00:00,66923.87,67701.91,65852.02,66261.62,3565.11346165,237739074.2486783
2024-05-20 00:00:00,66260.04,71560.9,66057.03,71432.17,20415.88691709,1405175171.3420541
2024-05-21 00:00:00,71432.16,71980.0,69146.01,70142.84,16102.06132545,1138017249.9466634
2024-05-22 00:00:00,70142.88,70659.99,68887.52,69109.93,10889.10300904,758971350.8583287
2024-05-23 00:00:00,69109.93,70066.95,66259.0,67940.45,14340.27843589,980073172.4954373
2024-05-24 00:00:00,67932.79,69278.75,66587.91,68547.8,10374.95988085,706397948.1024562
2024-05-25 00:00:00,68545.52,69605.03,68487.44,69289.67,2501.11901959,172531979.61424068
2024-05-26 00:00:00,69289.69,69522.0,68097.38,68473.72,2037.67329089,140285038.98844248
2024-05-27 00:00:00,68470.8,70613.39,68210.12,69368.72,5384.62278063,372431513.4740303
2024-05-28 00:00:00,69366.31,69533.96,67194.59,68321.98,11975.93086328,821599275.8899425
2024-05-29 00:00:00,68321.99,68864.11,67081.66,67569.45,8970.02059069,609596342.7539303
2024-05-30 00:00:00,67569.44,69536.89,67092.91,68338.58,11841.26381893,806798056.8140142
2024-05-31 00:00:00,68338.58,69024.71,66584.47,67472.41,10690.85876224,725428675.6732926
2024-06-01 00:00:00,67473.07,67837.33,67371.28,67719.29,1949.57008052,131791410.21389654
2024-06-02 00:00:00,67719.29,68411.0,67260.0,67735.52,2997.15241527,203151344.07088378
2024-06-03 00:00:00,67731.14,70295.78,67568.0,68791.0,11884.90882705,815262910.6565588
2024-06-04 00:00:00,68791.04,71108.9,68542.37,70542.32,18042.19396496,1258373701.9256496
2024-06-05 00:00:00,70541.68,71804.13,70356.49,71121.11,10123.1802918,718298887.6158676
2024-06-06 00:00:00,71120.65,71650.56,70093.98,70773.64,7716.5079994,547175325.1588641
2024-06-07 00:00:00,70773.63,71974.04,68298.55,69324.53,13768.98185265,965104942.1909676
2024-06-08 00:00:00,69326.71,69546.58,69126.22,69304.05,2631.94610412,182462006.1001517
2024-06-09 00:00:00,69303.8,69848.94,69123.99,69637.87,1826.03995531,126870790.94099912
2024-06-10 00:00:00,69641.08,70187.53,69141.51,69497.73,6088.40363232,423856167.3560852
2024-06-11 00:00:00,69495.97,69547.82,66018.69,67316.53,17354.68915468,1181763262.7023687
2024-06-12 00:00:00,67316.52,70032.0,66883.32,68248.6,17140.01139413,1167579461.5693893
2024-06-13 00:00:00,68248.59,68474.49,66200.0,66738.85,11916.13211129,803331795.8163593
2024-06-14 00:00:00,66746.46,67322.72,65005.0,66004.39,11520.15791899,763436746.8350112
2024-06-15 00:00:00,66004.36,66428.57,65800.86,66192.0,2004.1421548,132486718.13882306
2024-06-16 00:00:00,66192.0,66931.18,65999.0,66628.75,2118.65163435,140758410.54363313
2024-06-17 00:00:00,66629.38,67274.96,65050.0,66481.81,14487.64060903,961385886.4611447
2024-06-18 00:00:00,66481.81,66574.33,64010.01,65152.8,15937.73176483,1044793822.1888424
2024-06-19 00:00:00,65150.9,65709.26,64635.48,64943.79,4958.38361329,322839650.491647
2024-06-20 00:00:00,64945.67,66455.52,64500.0,64840.88,9346.70807899,609270003.0503939
2024-06-21 00:00:00,64840.89,65017.1,63300.93,64120.28,9816.79599936,631414355.3196353
2024-06-22 00:00:00,64120.28,64523.91,63910.01,64235.01,2324.21500373,149208333.66949344
2024-06-23 00:00:00,64235.0,64499.95,63125.75,63171.43,2054.79092364,131009426.49014415
2024-06-24 00:00:00,63169.36,63343.91,58414.28,60263.0,21418.04594647,1312875616.3850625
2024-06-25 00:00:00,60262.16,62400.0,60217.36,61789.71,15201.5824773,929839869.875621
2024-06-26 00:00:00,61794.47,62470.0,60656.8,60816.68,11392.79835017,699910727.8335395
2024-06-27 00:00:00,60818.86,62346.16,60546.94,61615.39,10530.35898848,645846266.2981199
2024-06-28 00:00:00,61611.43,62170.62,59868.0,60313.35,11381.0258738,694138441.9150547
2024-06-29 00:00:00,60312.36,61122.66,60273.8,60885.67,3199.03650127,194017157.12924498
2024-06-30 00:00:00,60884.44,62942.67,60611.01,62668.26,4263.22924826,263367786.66191247
2024-07-01 00:00:00,62669.14,63801.26,62448.46,62830.13,12326.70696465,775809007.0941508
2024-07-02 00:00:00,62830.94,63223.57,61000.0,62040.22,10688.64132628,665621056.3091396
2024-07-03 00:00:00,62039.44,62197.01,59332.76,60145.01,12066.71677065,735207616.429971
2024-07-04 00:00:00,60145.01,60429.27,56709.73,57042.14,17969.35692426,1052672556.5094218
2024-07-05 00:00:00,57036.45,57515.6,53499.9,56639.43,28052.41501655,1575783960.6003354
2024-07-06 00:00:00,56634.53,58481.97,56020.32,58244.75,6449.32501293,369839074.2265385
2024-07-07 00:00:00,58240.36,58448.89,55717.23,55854.09,5320.91645368,303638855.65984386
2024-07-08 00:00:00,55852.61,58200.0,54278.93,56699.43,19043.04861272,1071318925.2693839
2024-07-09 00:00:00,56701.18,58295.31,56276.37,58047.86,11757.76025902,674074512.0464631
2024-07-10 00:00:00,58047.86,59481.93,57157.28,57712.59,11619.63229345,675099648.5807
2024-07-11 00:00:00,57713.4,59533.06,57036.41,57340.77,11433.53379518,662069178.9256514
2024-07-12 00:00:00,57343.66,58550.0,56538.33,57909.03,10516.60400149,605601323.1598221
2024-07-13 00:00:00,57908.61,59875.0,57770.92,59224.58,4255.10545721,249752468.0499767
2024-07-14 00:00:00,59224.58,61428.67,59209.2,60808.42,6132.37403058,368970948.2762738
2024-07-15 00:00:00,60804.97,64943.61,60666.59,64757.16,20601.73387957,1293646375.142884
2024-07-16 00:00:00,64757.16,65405.89,62410.33,65088.99,14691.92002303,946388733.246091
2024-07-17 00:00:00,65086.55,66139.0,63853.99,64085.81,10647.79709095,689885014.9512596
2024-07-18 00:00:00,64085.82,65130.88,63222.6,63982.86,7637.52760383,489607831.30842817
2024-07-19 00:00:00,63977.64,67504.22,63289.15,66707.61,15163.05745737,991203834.7334541
2024-07-20 00:00:00,66707.61,67635.0,66271.0,67163.83,4671.38885135,312723136.96476084
2024-07-21 00:00:00,67163.82,68380.0,65820.18,68181.28,6027.86201344,406195438.55351216
2024-07-22 00:00:00,68181.16,68495.0,66569.42,67558.22,11844.79119584,801903616.5100042
2024-07-23 00:00:00,67560.03,67786.84,65444.3,65939.24,10791.03782177,719574485.6315547
2024-07-24 00:00:00,65939.24,67131.17,65090.61,65366.4,7702.25551129,507438880.7677587
2024-07-25 00:00:00,65358.86,66161.98,63412.46,65795.42,10452.25571747,681300813.5821586
2024-07-26 00:00:00,65795.52,68216.66,65705.6,67924.08,9315.20918753,623284978.3099045
2024-07-27 00:00:00,67921.46,69418.15,66635.28,67899.41,10233.62198513,695564703.4179572
2024-07-28 00:00:00,67901.81,68308.82,67021.8,68244.3,3505.5483691,237918702.02502525
2024-07-29 00:00:00,68244.3,70000.0,66400.01,66771.45,13641.48475825,925628488.2972101
2024-07-30 00:00:00,66767.14,66994.15,65283.68,66169.68,8733.57157991,579067782.4539443
2024-07-31 00:00:00,66169.68,66837.4,64500.0,64609.62,8986.37529253,588869759.1598744
2024-08-01 00:00:00,64609.61,65593.56,62212.81,65288.18,15636.72205775,1007412080.7614837
2024-08-02 00:00:00,65293.48,65557.86,61150.0,61418.06,15390.00963957,975031752.2135113
2024-08-03 00:00:00,61418.06,62171.58,59819.13,60674.93,8019.39450918,489350870.89008456
2024-08-04 00:00:00,60674.93,61082.3,57123.0,58130.95,10319.01091658,611430238.4428768
2024-08-05 00:00:00,58131.31,58282.83,49050.01,54029.12,59125.78926672,3244428206.8708186
2024-08-06 00:00:00,54037.9,57091.16,53965.57,56048.08,16897.67519536,934199421.3504225
2024-08-07 00:00:00,56048.07,57757.15,54564.15,55148.1,13971.5151871,780719431.6717921
2024-08-08 00:00:00,55144.14,62755.24,54737.32,61705.58,20623.04985861,1208213131.1050863
2024-08-09 00:00:00,61704.05,61764.38,59552.46,60862.13,11569.80744379,705419895.0524963
2024-08-10 00:00:00,60864.71,61500.0,60255.61,60935.02,3157.63609699,192264783.2996681
2024-08-11 00:00:00,60935.01,61868.69,58312.63,58722.49,5229.37008498,313551487.6312257
2024-08-12 00:00:00,58717.44,60721.77,57653.31,59358.78,12183.92944247,720226488.9450767
2024-08-13 00:00:00,59358.78,61615.43,58402.01,60603.19,10879.76363828,652729814.7134719
2024-08-14 00:00:00,60603.19,61827.2,58453.56,58690.62,12938.61473824,774940765.5773777
2024-08-15 00:00:00,58690.62,59883.49,56120.0,57543.61,14506.63316989,842246853.0629064
2024-08-16 00:00:00,57543.57,59871.61,57096.56,58888.99,11930.21788221,696130390.6917169
2024-08-17 00:00:00,58888.99,59711.02,58803.45,59497.49,2787.56355634,165094113.67058113
2024-08-18 00:00:00,59497.49,60284.99,58422.0,58437.9,4325.64817169,255907919.5978425
2024-08-19 00:00:00,58436.2,59639.81,57820.0,59452.67,8539.29378706,502427880.229193
2024-08-20 00:00:00,59455.81,61457.03,58571.96,59017.59,11062.05279919,659581507.7282512
2024-08-21 00:00:00,59017.59,61849.98,58793.89,61163.28,13380.11101719,805565439.2214794
2024-08-22 00:00:00,61167.54,61430.48,59750.0,60383.29,9608.6955368,583082813.7596544
2024-08-23 00:00:00,60383.28,64987.0,60343.2,64086.72,17852.77117167,1114906452.30935
2024-08-24 00:00:00,64091.63,64529.78,63564.22,64179.63,5020.91676004,321797157.656503
2024-08-25 00:00:00,64179.63,65050.08,63793.74,64251.93,4012.30764642,258066993.60240275
2024-08-26 00:00:00,64250.01,64509.36,62806.8,62840.0,10741.96651081,683205639.5708588
2024-08-27 00:00:00,62840.09,63226.26,58025.49,59439.64,14195.89496578,864286827.7352382
2024-08-28 00:00:00,59437.68,60236.98,57851.62,59045.88,10001.12169866,591496740.6687163
2024-08-29 00:00:00,59047.94,61194.09,58729.39,59364.47,10933.22040343,651444703.854412
2024-08-30 00:00:00,59353.12,59929.63,57700.0,59112.77,9382.9124508,553815898.5465251
2024-08-31 00:00:00,59117.59,59446.99,58739.31,58968.37,1368.21775121,80817975.0626261
2024-09-01 00:00:00,58968.37,59070.55,57200.0,57299.0,4411.05388122,256434323.6367065
2024-09-02 00:00:00,57291.21,59423.0,57119.01,59139.83,4318.6544603,251532525.37804872
2024-09-03 00:00:00,59138.89,59825.7,57394.49,57468.84,8264.44971184,483114771.51603657
2024-09-04 00:00:00,57460.5,58531.25,55555.0,57971.0,13715.96171494,787014167.9747926
2024-09-05 00:00:00,57971.0,58326.12,55628.04,56156.82,12281.57828747,700301673.3327917
2024-09-06 00:00:00,56156.82,56995.0,52530.0,53950.01,18495.45064356,1015547417.8799403
2024-09-07 00:00:00,53950.0,54847.0,53733.1,54156.33,3284.57722628,177930828.30547884
2024-09-08 00:00:00,54159.6,55315.95,53623.95,54881.11,3684.86816392,200807452.53521538
2024-09-09 00:00:00,54881.1,58119.97,54565.56,57053.9,10203.03329517,572952686.592183
2024-09-10 00:00:00,57047.82,58050.35,56377.76,57645.59,6433.21371111,368496925.993591
2024-09-11 00:00:00,57641.15,58014.35,55534.41,57352.79,11678.94297124,667284289.948303
2024-09-12 00:00:00,57352.92,58600.0,57311.15,58137.54,10175.62390483,588663938.5830373
2024-09-13 00:00:00,58137.33,60670.0,57630.01,60543.35,11935.95544754,707147739.441822
2024-09-14 00:00:00,60543.35,60660.0,59436.8,60012.35,3147.39019631,189356829.80437312
2024-09-15 00:00:00,60012.34,60402.34,58695.75,59122.33,3975.3568185,236765056.71401852
2024-09-16 00:00:00,59122.7,59214.15,57477.0,58208.75,7654.10991835,447808675.9445137
2024-09-17 00:00:00,58209.76,61373.41,57620.27,60312.6,11701.89074715,694846687.6939274
2024-09-18 00:00:00,60317.38,61800.0,59174.5,61769.18,11471.50683029,697069152.4918818
2024-09-19 00:00:00,61770.38,63891.82,61569.16,62960.14,15075.86835522,942963529.3987561
2024-09-20 00:00:00,62956.04,64140.67,62340.0,63210.69,10636.1082809,671796275.8219637
2024-09-21 00:00:00,63210.94,63575.63,62755.0,63362.74,1960.85712028,123977304.25325009
2024-09-22 00:00:00,63362.74,64000.0,62380.55,63577.66,2882.2341982,182532576.30262804
2024-09-23 00:00:00,63580.39,64739.67,62566.28,63338.87,7014.74459935,445831229.71652985
2024-09-24 00:00:00,63338.85,64700.0,62689.15,64272.93,8933.46473574,569510453.933976
2024-09-25 00:00:00,64272.93,64811.0,62932.8,63130.89,5909.09510453,376922888.06862015
2024-09-26 00:00:00,63131.13,65865.0,62652.99,65177.21,12789.85035505,821192581.9841721
2024-09-27 00:00:00,65176.39,66550.0,64827.85,65789.0,9529.0168808,624968290.6309414
2024-09-28 00:00:00,65787.53,66266.39,65400.0,65858.99,2755.22680581,181371696.98695898
2024-09-29 00:00:00,65857.33,66059.0,65433.29,65600.01,2721.35197741,178894623.88993198
2024-09-30 00:00:00,65600.01,65624.95,62833.95,63301.25,10629.74147917,683917991.9594568
2024-10-01 00:00:00,63305.52,64106.75,60150.89,60790.0,15970.80295516,991599845.412831
2024-10-02 00:00:00,60792.63,62380.34,59969.2,60631.37,8764.03050337,534109685.1186217
2024-10-03 00:00:00,60631.36,61474.92,59824.87,60744.99,7834.55718072,475315023.806603
2024-10-04 00:00:00,60745.0,62481.0,60454.5,62090.71,7884.21831808,484428468.9846716
2024-10-05 00:00:00,62090.7,62380.04,61686.34,62051.29,1783.56564961,110673980.66942231
2024-10-06 00:00:00,62051.29,62978.75,61805.85,62810.86,2086.21821773,130204399.46177173
2024-10-07 00:00:00,62810.93,64467.02,62113.28,62200.28,10707.1500015,673457009.1684718
2024-10-08 00:00:00,62203.82,63191.05,61824.48,62122.02,6566.33034742,409314451.17456967
2024-10-09 00:00:00,62118.44,62507.68,60255.0,60578.28,7582.36723494,465290828.0170079
2024-10-10 00:00:00,60578.28,61271.59,58863.9,60279.53,10462.57962276,630352897.4504218
2024-10-11 00:00:00,60279.53,63416.7,60029.98,62518.75,11454.9900534,705183391.8749702
2024-10-12 00:00:00,62518.75,63474.25,62464.15,63187.47,3943.90648994,248115712.49412128
2024-10-13 00:00:00,63183.08,63270.18,62033.0,62845.3,2257.61460657,141852450.2370061
2024-10-14 00:00:00,62847.89,66500.0,62426.67,66065.65,13638.71106556,879152031.3183286
2024-10-15 00:00:00,66065.64,67944.76,64778.44,67056.6,16324.01191342,1084916032.4220955
2024-10-16 00:00:00,67056.62,68399.0,66743.0,67608.44,12465.75691229,840837305.7949107
2024-10-17 00:00:00,67608.45,67926.99,66629.97,67402.33,7912.22639285,533220246.77223164
2024-10-18 00:00:00,67399.86,69000.62,67149.24,68426.11,11802.74441943,802515302.4380856
2024-10-19 00:00:00,68426.11,68689.29,68005.83,68363.73,1868.86958754,127776931.09839834
2024-10-20 00:00:00,68363.73,69380.0,68083.18,69014.86,2632.89214855,180907184.5816462
2024-10-21 00:00:00,69014.87,69498.0,66802.0,67346.15,10226.59346669,697098351.4382578
2024-10-22 00:00:00,67346.15,67800.0,66535.0,67380.08,8598.06472763,578351467.8089356
2024-10-23 00:00:00,67389.7,67415.65,65149.51,66601.11,9021.17140157,601161773.3704376
2024-10-24 00:00:00,66601.1,68800.0,66445.32,68156.84,10016.19830413,676101548.7303929
2024-10-25 00:00:00,68156.84,68742.38,65500.01,66564.51,14485.49253537,974018062.0137993
2024-10-26 00:00:00,66564.51,67365.18,66331.95,67012.56,2949.2199701,197062602.03312537
2024-10-27 00:00:00,67008.15,68261.37,66836.78,67943.19,2819.59766921,190357728.14383727
2024-10-28 00:00:00,67943.18,70235.98,67532.48,69924.5,16140.14013624,1112201481.5530667
2024-10-29 00:00:00,69924.49,73624.98,69705.76,72724.35,20616.91187006,1474003949.3741932
2024-10-30 00:00:00,72724.35,72948.6,71400.01,72322.91,13543.49337837,979857762.2681563
2024-10-31 00:00:00,72322.91,72684.02,69559.33,70197.83,14726.78460342,1048414854.0547268
2024-11-01 00:00:00,70198.02,71620.0,68720.0,69467.29,15295.28781188,1070690451.3261702
2024-11-02 00:00:00,69466.64,69891.92,69000.0,69358.94,2203.99644104,153022095.40363154
2024-11-03 00:00:00,69360.95,69364.65,67444.0,68738.18,6758.88506466,464517522.10020924
2024-11-04 00:00:00,68736.4,69453.94,66783.77,67807.48,12431.01371517,847737921.6339698
2024-11-05 00:00:00,67810.15,70557.67,67427.53,69380.73,12867.66127618,885218147.1867526
2024-11-06 00:00:00,69380.64,76509.56,69285.82,75646.55,45398.11837369,3300699364.6501865
2024-11-07 00:00:00,75646.55,76999.0,74463.96,75920.0,21932.40207681,1661541263.6146793
2024-11-08 00:00:00,75925.0,77312.18,75654.26,76566.73,18378.39876264,1403458013.3915696
2024-11-09 00:00:00,76566.72,76952.67,75758.58,76716.06,4836.57005338,369990390.50276536
2024-11-10 00:00:00,76716.06,81534.28,76535.33,80428.92,16728.21105103,1318244046.9709725
2024-11-11 00:00:00,80427.69,89666.0,80277.34,88770.73,35560.11866694,3014980307.628721
2024-11-12 00:00:00,88770.74,90100.0,85010.0,88035.43,40111.80924643,3528998570.4435577
2024-11-13 00:00:00,88035.43,93495.0,86220.5,90493.82,42318.6909168,3790112211.9540715
2024-11-14 00:00:00,90499.4,91831.25,86672.07,87340.4,23422.75915863,2086634769.3986974
2024-11-15 00:00:00,87338.96,91934.62,87100.83,91058.36,20388.33115227,1821864419.8582895
2024-11-16 00:00:00,91058.36,91820.73,90069.21,90636.24,6598.0269304,599735146.599274
2024-11-17 00:00:00,90638.54,91439.82,88713.64,89886.69,5574.55122824,502655458.5848735
2024-11-18 00:00:00,89877.11,92674.8,89372.65,90520.3,17340.77166451,1571268389.5588236
2024-11-19 00:00:00,90521.32,94105.84,90403.24,92435.89,18267.16111244,1678141480.7051501
2024-11-20 00:00:00,92445.04,94989.99,91600.0,94393.15,20329.039987,1897859100.8731587
2024-11-21 00:00:00,94384.15,99073.53,94127.2,98439.09,31188.09394751,3009837960.587695
2024-11-22 00:00:00,98439.1,99860.0,97209.52,99024.03,29936.62215019,2952743717.24079
2024-11-23 00:00:00,99024.03,99044.11,97215.01,97778.77,12072.47203722,1186307259.5240014
2024-11-24 00:00:00,97778.78,98700.0,95780.77,98028.18,8654.77135767,844462766.7135106
2024-11-25 00:00:00,98032.06,98999.0,92534.93,93000.01,20695.912495,1979388114.8905425
2024-11-26 00:00:00,93001.48,95004.92,90682.58,91929.54,17848.01962899,1653701654.9568057
2024-11-27 00:00:00,91929.53,97386.06,91747.46,95951.19,15213.90946356,1433965128.4582202
2024-11-28 00:00:00,95951.19,96676.31,94671.59,95665.53,5586.55288339,534863025.5243389
2024-11-29 00:00:00,95665.53,98750.0,95383.46,97490.56,12587.02498942,1218705810.9978065
2024-11-30 00:00:00,97489.8,97509.6,96129.73,96465.42,3476.04255853,336823787.813571
2024-12-01 00:00:00,96464.95,97895.9,95753.42,97263.18,4039.27591451,391181100.9023254
2024-12-02 00:00:00,97259.17,98200.0,94400.63,95862.89,15554.61486745,1499941972.1467018
2024-12-03 00:00:00,95862.89,96310.1,93571.3,95924.52,17898.7046212,1707844323.328726
2024-12-04 00:00:00,95924.85,99263.2,94634.85,98746.24,17528.92050771,1702799391.7023096
2024-12-05 00:00:00,98746.24,104000.0,92055.86,97044.23,36399.8182427,3565783797.7672606
2024-12-06 00:00:00,97049.47,102104.12,96424.2,99891.35,17801.21293952,1759957593.0372117
2024-12-07 00:00:00,99885.37,100583.27,99012.73,99929.32,4774.3508777,476731694.59106565
2024-12-08 00:00:00,99919.2,101435.05,98729.66,101174.99,4230.35225168,424366622.78041005
2024-12-09 00:00:00,101175.0,101290.73,94220.8,97324.81,20103.05073464,1980207489.5108726
2024-12-10 00:00:00,97330.66,98338.17,94273.38,96660.76,20620.53877488,1992990383.3421924
2024-12-11 00:00:00,96660.75,101984.98,95722.79,101202.11,21190.23753294,2095558902.68868
2024-12-12 00:00:00,101211.61,102595.0,99298.39,100030.47,14796.92456547,1491291284.8138235
2024-12-13 00:00:00,100024.75,101959.13,99220.81,101428.75,13327.59954074,1341534312.5076416
2024-12-14 00:00:00,101428.74,102650.0,100600.0,101399.99,4181.40180281,424494583.4261988
2024-12-15 00:00:00,101400.0,105100.0,101221.34,104447.76,7796.33358128,803351948.8739885
2024-12-16 00:00:00,104445.15,107857.79,103289.21,106099.81,22575.87902891,2380016669.1059885
2024-12-17 00:00:00,106099.98,108388.88,105337.97,106136.99,11994.58863972,1277315199.0759335
2024-12-18 00:00:00,106145.83,106528.13,99939.82,100150.73,22294.42835455,2300587198.8739843
2024-12-19 00:00:00,100148.6,102796.22,95539.67,97372.21,23522.12863874,2327848054.976777
2024-12-20 00:00:00,97372.2,98132.47,92115.66,97765.0,21766.62386138,2097134379.9509513
2024-12-21 00:00:00,97762.75,99596.57,96368.0,97230.08,6451.43271418,630558840.0526891
2024-12-22 00:00:00,97230.09,97387.98,94182.98,95087.75,4933.50127735,473478971.29008967
2024-12-23 00:00:00,95091.15,96430.08,92360.91,94764.56,13476.98947566,1275754397.7233474
2024-12-24 00:00:00,94767.88,99444.0,93426.25,98594.47,13355.36314305,1289569157.6710935
2024-12-25 00:00:00,98594.47,99484.92,97557.48,99346.28,5254.2370598,518833776.1816356
2024-12-26 00:00:00,99358.67,99887.0,95083.93,95669.49,11403.37268934,1111826242.943363
2024-12-27 00:00:00,95669.4,97340.47,93234.31,94171.89,13169.12897588,1252437072.5818486
2024-12-28 00:00:00,94171.7,95534.17,94002.72,95130.82,2722.6591363,257862645.20675036
2024-12-29 00:00:00,95125.59,95170.06,92841.48,93563.35,3417.52751094,321846063.4460758
2024-12-30 00:00:00,93563.35,94910.48,91271.19,92620.71,15271.24432744,1421622010.4988887
2024-12-31 00:00:00,92620.7,96148.94,91887.13,93354.22,10348.6325655,967625577.7422237
2025-01-01 00:00:00,93347.59,94960.91,92743.63,94383.59,6871.73848196,644974021.1565899
2025-01-02 00:00:00,94383.59,97776.99,94177.0,96903.19,10912.47383962,1045526219.2252063
2025-01-03 00:00:00,96905.48,98969.92,96016.63,98136.51,9021.88538159,879698195.8572228
2025-01-04 00:00:00,98139.85,98761.02,97516.65,98209.85,2742.08960614,269154857.590771
2025-01-05 00:00:00,98209.85,98814.0,97250.0,98345.33,2377.92175899,233404422.77970284
2025-01-06 00:00:00,98347.65,102500.0,97900.0,102279.41,15173.55606778,1521251644.901744
2025-01-07 00:00:00,102279.41,102735.99,96105.11,96941.98,16587.2869223,1650694183.6587937
2025-01-08 00:00:00,96941.98,97254.35,92500.0,95036.63,14182.29739458,1353462591.008328
2025-01-09 00:00:00,95033.18,95363.26,91187.0,92547.44,9712.37853215,908425181.7815969
2025-01-10 00:00:00,92547.44,95862.92,92209.25,94701.18,12634.03407823,1185453912.7820513
2025-01-11 00:00:00,94701.48,94983.65,93804.05,94565.02,2638.69956767,249392863.52395692
2025-01-12 00:00:00,94569.91,95383.84,93670.3,94509.62,2025.81612971,191507321.96810958
2025-01-13 00:00:00,94507.24,95900.0,89028.64,94506.45,13094.86359481,1224180950.9188569
2025-01-14 00:00:00,94507.35,97353.29,94311.36,96534.96,11210.74226727,1072607273.1126024
2025-01-15 00:00:00,96534.97,100716.45,96400.0,100510.23,13610.74729401,1341208652.7850041
2025-01-16 00:00:00,100504.27,100880.0,97277.58,99981.78,12312.37366854,1227062333.2858007
2025-01-17 00:00:00,99981.46,105970.0,99937.81,104107.0,20518.30949325,2103107589.7345226
2025-01-18 00:00:00,104107.0,104933.15,102233.45,104435.0,7835.29991824,814300389.8979162
2025-01-19 00:00:00,104435.01,106314.44,99518.0,101211.13,13312.63685598,1369466227.3885787
2025-01-20 00:00:00,101217.78,109358.01,99416.27,102145.43,32342.18311338,3332356542.3672047
2025-01-21 00:00:00,102145.42,107291.1,100051.0,106159.26,19411.23488978,2017054319.4401782
2025-01-22 00:00:00,106159.27,106431.34,103100.0,103667.11,10730.018962,1124929071.8652716
2025-01-23 00:00:00,103659.6,106870.87,101200.01,103926.36,25064.86499945,2604595645.174497
2025-01-24 00:00:00,103926.36,107200.0,102751.92,104850.27,12921.99361413,1352701912.2884786
2025-01-25 00:00:00,104866.13,105294.0,104104.0,104733.56,3404.85308291,356656394.1321671
2025-01-26 00:00:00,104729.92,105478.8,102452.24,102563.0,4575.36611531,474950409.21220875
2025-01-27 00:00:00,102565.28,103228.46,97715.03,102062.42,23647.14111877,2397649790.90937
2025-01-28 00:00:00,102063.92,103770.85,100213.8,101290.0,9488.53429464,966261497.743654
2025-01-29 00:00:00,101290.01,104829.64,101275.6,103747.25,11403.20278905,1172085325.6742473
2025-01-30 00:00:00,103747.25,106484.77,103289.74,104742.64,13061.34881233,1365774306.04498
2025-01-31 00:00:00,104742.63,106090.0,101506.0,102411.26,13313.68104489,1380461937.2158031
2025-02-01 00:00:00,102414.05,102781.65,100250.0,100623.85,3390.25555744,344169887.148665
2025-02-02 00:00:00,100623.88,101459.84,96179.0,97676.52,10366.65062753,1026140942.7024378
2025-02-03 00:00:00,97676.53,102599.85,91178.01,101460.2,31328.72219576,3077378009.192735
2025-02-04 00:00:00,101460.15,101812.23,96145.76,97795.05,14168.7031661,1406998945.6924202
2025-02-05 00:00:00,97795.06,99230.49,96161.01,96638.33,9308.59185883,907180199.3558251
2025-02-06 00:00:00,96635.62,99182.15,95674.96,96564.62,9168.94674634,889519294.1689556
2025-02-07 00:00:00,96575.24,100235.79,95614.96,96537.08,12171.82534167,1183597638.0999405
2025-02-08 00:00:00,96536.93,96919.05,95682.33,96476.25,2972.45715184,286555689.1814087
2025-02-09 00:00:00,96476.24,97342.28,94730.67,96475.82,3417.87009701,328991367.06999403
2025-02-10 00:00:00,96481.47,98367.23,95257.2,97444.41,6375.72539123,617728587.9615146
2025-02-11 00:00:00,97451.66,98500.0,94831.07,95774.08,7737.05105717,747702443.8666906
2025-02-12 00:00:00,95770.95,98119.98,94066.92,97862.53,9078.50356189,875667923.5199383
2025-02-13 00:00:00,97864.28,98100.0,95220.0,96625.29,6803.6078927,659626062.8291483
2025-02-14 00:00:00,96625.29,98890.11,96268.56,97509.03,7744.67640105,753737058.1867985
2025-02-15 00:00:00,97507.94,97997.85,97225.01,97596.94,1626.51929078,158718899.70914003
2025-02-16 00:00:00,97596.54,97738.22,96057.68,96119.88,2174.29326885,210641357.24311182
2025-02-17 00:00:00,96119.88,97050.64,95200.0,95781.8,3533.01273263,339303759.4573386
2025-02-18 00:00:00,95781.8,96730.0,93333.0,95607.4,8867.39878431,845622193.6380937
2025-02-19 00:00:00,95612.97,96880.0,95000.01,96632.03,6945.44897339,666980164.0894809
2025-02-20 00:00:00,96632.03,98768.54,96419.07,98347.2,10582.84622768,1032268917.7149566
2025-02-21 00:00:00,98347.2,99517.52,94721.92,96157.03,19298.23921958,1875517084.6893663
2025-02-22 00:00:00,96157.03,96982.52,95767.95,96582.12,7324.02366243,705833774.6252872
2025-02-23 00:00:00,96578.49,96679.93,95243.91,96265.98,3787.84705335,364360877.31398976
2025-02-24 00:00:00,96266.23,96515.41,91300.0,91510.82,12644.0435007,1187251850.6937313
2025-02-25 00:00:00,91509.88,92549.99,85836.18,88583.74,31587.91715546,2830907477.106674
2025-02-26 00:00:00,88583.17,89305.68,82111.12,84111.78,21568.55463119,1855498269.7773488
2025-02-27 00:00:00,84111.77,86993.87,82554.11,84625.19,16836.55524727,1423888270.4073544
2025-02-28 00:00:00,84627.5,85116.19,78167.81,84297.73,30755.74245077,2554335379.4121537
2025-03-01 00:00:00,84297.74,86534.96,83772.54,86018.76,6852.5441262,583535247.6106873
2025-03-02 00:00:00,86018.82,95128.88,85003.35,94265.48,16751.22972996,1509355023.126255
2025-03-03 00:00:00,94265.47,94415.61,85007.01,86161.1,22691.67068614,2041394829.0385563
2025-03-04 00:00:00,86161.09,88977.27,81444.0,87249.96,23130.37098654,1988242279.6906843
2025-03-05 00:00:00,87247.93,91000.0,86329.22,90603.73,14900.93396554,1323131709.6755967
2025-03-06 00:00:00,90607.73,92817.29,87790.5,89921.85,13303.43744669,1201092102.8642855
2025-03-07 00:00:00,89915.02,91280.0,84608.27,86756.98,27137.2022302,2391874836.330979
2025-03-08 00:00:00,86753.3,86863.38,85200.0,86206.69,3023.2478665,260772791.81128502
2025-03-09 00:00:00,86206.64,86480.0,80000.0,80699.17,7565.44749561,630553210.3341029
2025-03-10 00:00:00,80708.21,84033.66,77389.0,78544.71,21375.10120997,1713618244.5164578
2025-03-11 00:00:00,78548.18,83600.0,76555.0,82914.51,17096.37980265,1374624544.8727374
2025-03-12 00:00:00,82911.81,84442.69,80572.21,83659.43,12617.220582,1045923867.5784835
2025-03-13 00:00:00,83659.45,84310.8,79890.0,81073.43,10506.80043483,864010133.013558
2025-03-14 00:00:00,81071.5,85318.61,80771.17,83980.49,10857.45703924,898839385.4182231
2025-03-15 00:00:00,83989.86,84690.43,83612.24,84351.46,2331.92028578,196256737.34172988
2025-03-16 00:00:00,84351.45,85092.35,81969.44,82562.57,4059.89765099,338976901.62662065
2025-03-17 00:00:00,82562.5,84758.46,82416.98,84011.4,7785.97733364,649641199.0893275
2025-03-18 00:00:00,84011.39,84029.67,81125.0,82698.76,7316.63296603,607033270.569403
2025-03-19 00:00:00,82699.53,87045.45,82535.53,86877.96,13056.03519886,1107016230.5778756
2025-03-20 00:00:00,86877.97,87492.87,83596.75,84183.42,9880.31696275,845140106.9812611
2025-03-21 00:00:00,84183.41,84809.72,83100.0,84061.96,6257.63558757,525884013.5316991
2025-03-22 00:00:00,84061.96,84517.75,83659.69,83852.03,2108.51345069,177163325.20415917
2025-03-23 00:00:00,83852.06,86128.99,83804.67,86092.94,3467.46945277,294629717.7996002
2025-03-24 00:00:00,86092.95,88804.64,85533.06,87523.62,13107.50391644,1140202989.1917553
2025-03-25 00:00:00,87518.09,88584.34,86321.97,87427.88,10153.98312373,888098536.7296158
2025-03-26 00:00:00,87432.82,88304.1,85850.0,86926.01,6885.71986041,599940600.92767
2025-03-27 00:00:00,86926.01,87790.12,85784.0,87217.48,6904.09386105,600168754.1449945
2025-03-28 00:00:00,87214.07,87498.15,83533.4,84381.8,10031.80008987,859292445.6869814
2025-03-29 00:00:00,84381.81,84584.13,81608.99,82616.83,3194.24303663,266073864.81062356
2025-03-30 00:00:00,82624.06,83508.98,81538.88,82379.98,2472.72302228,204031732.91931406
2025-03-31 00:00:00,82379.98,83920.8,81265.16,82534.32,6887.94694226,568428269.1265577
2025-04-01 00:00:00,82534.31,85566.53,82403.32,85170.37,9130.97692565,766259096.9896022
2025-04-02 00:00:00,85166.92,88530.0,82283.01,82490.08,16748.28262337,1417197846.7537177
2025-04-03 00:00:00,82490.1,83953.45,81177.7,83174.33,11800.91106566,975922305.1233546
2025-04-04 00:00:00,83178.68,84720.67,81643.54,83860.16,14593.03092888,1216340255.108231
2025-04-05 00:00:00,83859.78,84238.35,82346.61,83498.25,2836.42920662,236801412.54550263
2025-04-06 00:00:00,83505.88,83773.58,77058.99,78370.75,11014.8594773,888649122.5079753
2025-04-07 00:00:00,78370.15,81223.67,74420.69,79140.01,26706.52930797,2090817591.5758195
2025-04-08 00:00:00,79140.02,80849.98,76167.35,76251.64,14917.02351692,1165053062.6818063
2025-04-09 00:00:00,76258.8,83583.35,74553.01,82594.75,23584.94464084,1869047369.7637136
2025-04-10 00:00:00,82593.15,82730.93,78387.24,79552.34,11876.12778689,959780133.7544404
2025-04-11 00:00:00,79552.34,84299.0,78919.94,83380.47,9964.68703141,812500028.3741691
2025-04-12 00:00:00,83379.64,85909.97,82765.26,85271.01,3972.49282052,335006159.11889774
2025-04-13 00:00:00,85271.02,86092.99,83010.0,83733.07,3904.15929557,330005974.8200074
2025-04-14 00:00:00,83733.07,85818.06,83655.27,84590.36,7247.02343319,612005258.8439146
2025-04-15 00:00:00,84590.36,86491.4,83592.77,83629.78,6461.77024421,546511180.961499
2025-04-16 00:00:00,83622.52,85526.4,83088.02,84028.72,8246.73748903,693273656.148854
2025-04-17 00:00:00,84028.71,85494.94,83711.69,84961.97,5865.70077325,495941055.69451755
2025-04-18 00:00:00,84961.97,85150.94,84287.06,84466.47,1884.07668707,159612589.90860122
2025-04-19 00:00:00,84466.47,85625.0,84353.45,85074.99,1683.30746873,142879100.07138434
2025-04-20 00:00:00,85074.59,85319.21,83972.82,85177.34,1812.14325365,153825574.10790133
2025-04-21 00:00:00,85177.33,88575.62,85135.98,87522.07,12603.75828155,1091520127.5175045
2025-04-22 00:00:00,87513.53,93952.62,87077.17,93489.1,19460.09432868,1761296260.810074
2025-04-23 00:00:00,93486.57,94686.0,91902.19,93740.92,12538.32136507,1171755281.7855425
2025-04-24 00:00:00,93740.93,94061.02,91685.18,94021.96,9320.8086182,870351686.26201
2025-04-25 00:00:00,94021.97,95976.34,92880.01,94708.79,14148.6339475,1335585450.6711042
2025-04-26 00:00:00,94707.79,95273.52,93903.01,94666.64,2253.98942317,213312464.99271244
2025-04-27 00:00:00,94666.64,95351.11,93654.77,93780.57,2304.93789541,217501482.72015032
2025-04-28 00:00:00,93780.56,95652.66,92829.44,95042.57,7348.4883725,693155773.8846096
2025-04-29 00:00:00,95042.56,95499.0,93761.26,94271.09,5979.94472886,565962764.3971051
2025-04-30 00:00:00,94271.08,95263.74,92911.88,94182.54,6511.31778605,613088167.2896235
2025-05-01 00:00:00,94182.55,97546.99,94136.79,96524.98,8334.02681063,796714857.422982
2025-05-02 00:00:00,96524.98,97948.56,96369.69,96929.81,5709.61012071,553508218.4306209
2025-05-03 00:00:00,96929.81,96974.78,95765.13,95861.33,2077.55675998,200240659.77742186
2025-05-04 00:00:00,95865.47,96312.51,94151.67,94272.55,2834.39686495,269694420.6182682
2025-05-05 00:00:00,94272.54,95218.82,93500.01,94733.99,5181.01206583,489249911.9324951
2025-05-06 00:00:00,94733.99,96916.25,93363.28,96839.17,6164.34738969,588468158.2119012
2025-05-07 00:00:00,96843.84,97738.05,95800.0,97058.32,8328.69875473,806718198.6398324
2025-05-08 00:00:00,97058.33,104176.05,96888.25,103253.49,15379.43544074,1543234531.2486777
2025-05-09 00:00:00,103252.2,104352.6,102330.76,102986.96,7318.60440182,755504143.1206518
2025-05-10 00:00:00,102986.94,104997.0,102831.41,104821.19,3104.17143581,322551768.7867251
2025-05-11 00:00:00,104817.83,104980.89,103360.22,104137.62,3055.22813204,318734047.3788795
2025-05-12 00:00:00,104137.58,105787.37,100703.71,102800.21,11005.40673978,1137488218.0794077
2025-05-13 00:00:00,102800.22,105038.53,101447.78,104131.06,8727.89105836,902065921.7824353
2025-05-14 00:00:00,104131.2,104373.0,102603.27,103545.38,7628.70177301,790815732.9946624
2025-05-15 00:00:00,103540.91,104200.0,101400.01,103786.43,7563.00946962,780743364.578773
2025-05-16 00:00:00,103786.4,104616.71,103125.51,103500.03,6881.65708111,714021212.034006
2025-05-17 00:00:00,103500.03,103741.98,102612.0,103161.07,1848.95251021,190911317.230146
2025-05-18 00:00:00,103162.53,106692.97,103130.95,106473.46,4130.60889099,433156208.41496634
2025-05-19 00:00:00,106488.77,107137.68,102105.0,105616.18,10104.32339011,1064358178.2941034
2025-05-20 00:00:00,105616.21,107355.0,104209.18,106883.24,8804.38724819,933405104.0982906
2025-05-21 00:00:00,106883.24,110788.98,106128.14,109699.54,18333.91491262,1986937570.3073194
2025-05-22 00:00:00,109697.19,112000.0,109217.23,111722.53,11250.38756124,1244959309.106303
2025-05-23 00:00:00,111722.54,111824.07,106800.01,107329.61,9638.23489571,1054606578.2521989
2025-05-24 00:00:00,107332.08,109517.79,106895.77,107794.01,2611.3560546,281725919.4568662
2025-05-25 00:00:00,107794.01,109371.04,106632.35,109048.68,2996.9984274,324309755.26656365
2025-05-26 00:00:00,109048.41,110474.41,108706.04,109464.32,4641.38117417,507875221.4286503
2025-05-27 00:00:00,109464.33,110829.42,107536.41,108978.46,8827.06917845,963934976.6208196
2025-05-28 00:00:00,108978.45,109344.89,106790.16,107819.29,6474.20131287,700723509.350618
2025-05-29 00:00:00,107819.26,108943.35,105315.0,105572.58,9305.58410478,994883702.6175368
2025-05-30 00:00:00,105572.58,106377.66,103634.48,104033.26,7866.16241154,825195795.3705858
2025-05-31 00:00:00,104033.0,104965.5,103110.01,104645.87,2403.60824408,250428565.88111228
2025-06-01 00:00:00,104645.87,105937.46,103800.81,105697.94,2369.92891564,248891167.08354893
2025-06-02 00:00:00,105697.93,106000.0,103685.23,105904.94,5818.90812007,612859186.4947156
2025-06-03 00:00:00,105909.79,106901.68,104910.01,105447.82,6486.4597778,686217660.9124453
2025-06-04 00:00:00,105443.95,106058.47,104202.0,104753.38,4505.03599201,473544380.53033555
2025-06-05 00:00:00,104753.37,105999.68,100345.73,101570.2,10627.57339852,1096417468.5605955
2025-06-06 00:00:00,101570.2,105439.01,101132.91,104397.99,9677.25748525,998064216.8658396
2025-06-07 00:00:00,104398.0,106000.0,103969.7,105619.02,4141.10124271,434801882.02842426
2025-06-08 00:00:00,105619.02,106548.9,105028.3,105784.4,1998.61011035,211343335.90352786
2025-06-09 00:00:00,105784.41,110651.12,105368.27,110301.15,6581.24781856,710947439.8941194
2025-06-10 00:00:00,110299.69,110420.08,108362.14,110300.24,5433.6716937,596864587.7930119
2025-06-11 00:00:00,110300.25,110435.05,108091.74,108669.37,4603.3324446,503485354.6372559
2025-06-12 00:00:00,108673.77,108853.74,105706.78,105721.05,5734.67136139,614979475.9033276
2025-06-13 00:00:00,105716.45,106233.0,102746.01,106118.7,7441.52465913,782874737.1377693
2025-06-14 00:00:00,106114.53,106264.36,104351.72,105465.42,2256.48702523,238169965.94965395
2025-06-15 00:00:00,105465.42,106184.13,104505.05,105599.25,1722.80945227,181650379.82781592
2025-06-16 00:00:00,105600.21,109000.0,104982.26,106853.38,5952.98369341,634641415.3338583
2025-06-17 00:00:00,106853.38,107792.9,103363.3,104590.44,7688.94642443,812337228.1857617
2025-06-18 00:00:00,104590.44,105603.63,103512.38,104915.6,4918.14382744,514710862.8094448
2025-06-19 00:00:00,104915.6,105266.61,103916.37,104671.9,2279.05842007,238600597.13018888
2025-06-20 00:00:00,104671.4,106553.86,102357.25,103317.8,5047.63626176,526090280.57374626
2025-06-21 00:00:00,103317.79,104013.64,100919.19,102160.03,3287.51327489,337307615.00780845
2025-06-22 00:00:00,102160.36,103417.0,98225.01,100996.87,7872.25874446,796671089.2101905
2025-06-23 00:00:00,100996.87,106135.47,99677.07,105419.39,8910.86676597,918328978.4739237
2025-06-24 00:00:00,105418.4,106366.29,104681.83,106141.0,5773.20907668,609950392.5843062
2025-06-25 00:00:00,106141.01,108206.0,105875.0,107400.22,7072.65636297,756106271.4892302
2025-06-26 00:00:00,107400.22,108345.0,106605.88,107029.64,4900.22231656,526015271.1122617
2025-06-27 00:00:00,107029.63,107804.2,106413.79,107113.38,6310.43715745,675786292.8006098
2025-06-28 00:00:00,107119.17,107599.81,106868.94,107352.2,1227.76803255,131659741.80354023
2025-06-29 00:00:00,107352.2,108550.0,107230.0,108386.44,2154.86170312,232465747.87960657
2025-06-30 00:00:00,108386.44,108800.0,106724.76,107173.21,4839.04838063,521509579.03133476
2025-07-01 00:00:00,107173.21,107579.3,105262.0,105711.78,5152.72760186,548412901.3301138
2025-07-02 00:00:00,105711.77,109823.08,105119.7,108888.32,7995.79258367,858633923.5785817
2025-07-03 00:00:00,108887.03,110590.0,108574.31,109628.83,6434.57921608,704071931.2930902
2025-07-04 00:00:00,109628.83,109812.94,107268.84,108028.6,3129.21859997,340098505.51706594
2025-07-05 00:00:00,108028.6,108454.19,107783.1,108246.65,1513.15428554,163614550.8626977
2025-07-06 00:00:00,108246.66,109736.64,107837.7,109217.98,1651.18120197,179582046.4750507
2025-07-07 00:00:00,109217.98,109741.64,107507.0,108269.84,4455.08353019,484196810.72977585
2025-07-08 00:00:00,108271.49,109255.99,107438.33,108958.04,3785.3907416,410642831.0873568
2025-07-09 00:00:00,108953.58,112152.91,108329.87,111282.85,7683.83239574,846603135.805735
2025-07-10 00:00:00,111282.84,116842.0,110541.87,116031.3,12920.20742934,1468698151.7270284
2025-07-11 00:00:00,116031.29,118909.74,115211.74,117582.16,10116.886206,1183005265.3453438
2025-07-12 00:00:00,117582.16,118244.51,116940.82,117472.65,2397.72381256,281876495.3248871
2025-07-13 00:00:00,117472.65,119500.0,117238.69,119130.81,3461.0430314,409564387.4313483
2025-07-14 00:00:00,119130.81,123231.07,118949.18,119863.71,13536.79954839,1628391602.3081656
2025-07-15 00:00:00,119863.71,119973.3,115697.37,117781.64,23726.31356081,2807511075.968654
2025-07-16 00:00:00,117781.63,120134.8,117033.23,118681.68,9250.98642597,1095389274.3134954
2025-07-17 00:00:00,118681.67,120998.76,117469.0,119273.69,8360.35130892,995766163.7229376
2025-07-18 00:00:00,119273.7,120918.68,116892.42,118023.05,8735.40386401,1037564737.1778709
2025-07-19 00:00:00,118023.06,118564.59,117337.59,117914.17,1700.0997198,200543512.18289933
2025-07-20 00:00:00,117914.17,118921.76,116525.0,117312.7,2504.59032125,294711154.5414009
2025-07-21 00:00:00,117315.68,119745.93,116565.01,117428.79,5450.55450292,641878296.5250816
2025-07-22 00:00:00,117428.79,120300.0,116185.0,120026.42,7564.58852928,896290669.0326385
2025-07-23 00:00:00,120034.21,120180.93,117342.21,118810.44,5526.13819924,658118560.3016347
2025-07-24 00:00:00,118810.44,119557.7,117190.0,118397.04,7137.01277011,845656043.0299459
2025-07-25 00:00:00,118400.0,118518.2,114750.0,117633.27,24633.33644271,2890115250.8920937
2025-07-26 00:00:00,117633.27,118371.35,117095.73,117969.63,6974.42930567,821361068.3833451
2025-07-27 00:00:00,117981.73,119800.0,117849.99,119465.52,4999.42180703,593802875.5289414
2025-07-28 00:00:00,119465.52,119839.0,117380.6,118070.59,7647.38438521,907659850.8608217
2025-07-29 00:00:00,118074.43,119284.78,116900.0,117933.39,6070.86335715,716654188.2143468
2025-07-30 00:00:00,117933.39,118809.43,115728.49,117830.15,4647.7410138,546459846.1230049
2025-07-31 00:00:00,117830.15,118920.0,115500.0,115761.13,4647.6521388,543788406.6186315
2025-08-01 00:00:00,115756.12,116065.12,112659.0,113248.73,9196.58441635,1052385778.1034842
2025-08-02 00:00:00,113248.83,114023.58,112000.0,112542.74,2946.5811158,332827497.20558614
2025-08-03 00:00:00,112542.75,114794.99,111903.68,114215.73,2212.37278435,250804064.38222888
2025-08-04 00:00:00,114215.7,115756.06,114118.18,115051.85,4655.53866243,534388088.720579
2025-08-05 00:00:00,115056.14,115112.75,112622.14,114112.95,4943.38930608,564663562.1593477
2025-08-06 00:00:00,114112.95,115749.99,113347.87,115028.83,4481.39474697,513388178.8873559
2025-08-07 00:00:00,115028.83,117687.0,114268.6,117515.49,5804.23960803,674017208.3976917
2025-08-08 00:00:00,117515.69,117687.0,115800.0,116683.79,4870.3042426,569443861.937665
2025-08-09 00:00:00,116683.79,117937.89,116343.34,116492.51,2586.17129292,302231311.1863224
2025-08-10 00:00:00,116492.5,119324.08,116480.0,119309.37,2850.61404026,336091635.6350389
2025-08-11 00:00:00,119309.37,122319.14,118050.0,118701.84,7220.80819945,863573188.4339402
2025-08-12 00:00:00,118701.83,120327.0,118190.81,120113.18,4615.45835079,550777437.543785
2025-08-13 00:00:00,120109.04,123740.24,118931.34,123365.63,8512.8860955,1034626913.0011168
2025-08-14 00:00:00,123365.63,124533.0,117208.97,118389.79,10154.04939662,1227364095.299211
2025-08-15 00:00:00,118389.79,119339.57,116859.32,117436.96,4990.799358,588946315.2678849
2025-08-16 00:00:00,117436.95,118028.68,117222.01,117455.68,1781.69438526,209412928.37787387
2025-08-17 00:00:00,117455.69,118641.6,117249.49,117488.6,2021.61751952,237962263.25446418
2025-08-18 00:00:00,117488.59,117633.8,114703.26,116286.76,6762.85366719,788062505.3228173
2025-08-19 00:00:00,116286.75,116792.87,112696.56,112856.19,7918.58452813,907929797.2953984
2025-08-20 00:00:00,112853.66,114627.37,112344.11,114276.0,5764.27605073,654391081.4777977
2025-08-21 00:00:00,114276.0,114812.0,111964.0,112480.3,6033.74435365,684124488.5807245
2025-08-22 00:00:00,112480.29,117416.73,111649.75,116908.68,8547.72089091,979687306.8791363
2025-08-23 00:00:00,116911.9,116999.03,114505.0,115383.87,2245.41925268,260356250.07728338
2025-08-24 00:00:00,115383.87,115616.53,110635.0,113478.0,4602.76322486,523694805.1652498
2025-08-25 00:00:00,113478.0,113645.32,109275.74,110127.74,8509.20658676,949897196.9312162
2025-08-26 00:00:00,110127.74,112399.99,108670.0,111788.01,7735.56524843,856686273.9735118
2025-08-27 00:00:00,111788.04,112683.39,110351.11,111253.21,5151.42127925,574481027.6768508
2025-08-28 00:00:00,111253.22,113480.0,110858.78,112574.85,4637.29182209,519570117.10920894
2025-08-29 00:00:00,112574.84,112642.53,107469.13,108378.32,7806.0938333,860748342.8718936
2025-08-30 00:00:00,108378.32,108928.79,107369.69,108827.93,2828.67461609,306560956.42648727
2025-08-31 00:00:00,108827.92,109489.79,108060.79,108247.95,2702.50957636,293645535.8160877
2025-09-01 00:00:00,108247.95,109907.51,107250.0,109240.55,5396.96365977,586442180.208507
2025-09-02 00:00:00,109240.55,111801.86,108400.0,111247.94,7398.40595759,815101527.7231057
2025-09-03 00:00:00,111247.94,112600.0,110533.77,111756.41,5205.45031255,580587454.0486172
2025-09-04 00:00:00,111756.4,112235.6,109321.0,110720.79,5253.71408228,583206643.8827901
2025-09-05 00:00:00,110714.48,113390.0,110202.36,110670.02,7218.59124481,803026516.4347613
2025-09-06 00:00:00,110670.02,111317.65,109993.0,110212.6,1621.65017738,179270698.68293557
2025-09-07 00:00:00,110214.21,111600.0,110200.01,111129.61,1646.11764246,182366719.17757377
2025-09-08 00:00:00,111120.38,112940.84,110600.0,112072.57,5158.43294831,576111575.36485
2025-09-09 00:00:00,112072.57,113292.96,110765.72,111549.32,5158.45733241,577335279.7234972
2025-09-10 00:00:00,111546.61,114362.1,110919.55,113983.97,7249.99346721,817096430.6095929
2025-09-11 00:00:00,113983.98,115554.53,113433.92,115540.0,5575.3607407,639093050.3362392
2025-09-12 00:00:00,115540.01,116833.25,114774.19,116106.03,6493.57632751,752042957.8411567
2025-09-13 00:00:00,116106.03,116378.04,115177.53,115968.35,2173.49651785,251924520.4739924
2025-09-14 00:00:00,115968.33,116226.61,115166.0,115314.13,1967.88683794,227623045.12399206
2025-09-15 00:00:00,115314.12,116802.0,114395.84,115381.08,6142.67859527,709315122.5280474
2025-09-16 00:00:00,115381.07,117000.0,114750.0,116832.56,6012.58313417,697404974.1515726
2025-09-17 00:00:00,116832.56,117327.24,114724.57,116484.4,7151.30033814,831997960.565199
2025-09-18 00:00:00,116484.4,117998.17,116125.08,117117.99,7140.41942024,834939310.8000458
2025-09-19 00:00:00,117117.99,117516.36,115132.71,115690.55,5874.11552075,683537942.78805
2025-09-20 00:00:00,115690.55,116194.63,115463.22,115752.4,2830.8502542,327742254.3500559
2025-09-21 00:00:00,115752.9,115900.02,115237.16,115282.27,2071.01892785,239291921.19472873
2025-09-22 00:00:00,115282.26,115441.37,111761.22,112736.59,8494.39097785,966707223.2149712
2025-09-23 00:00:00,112736.59,113357.0,111502.08,112017.21,4512.04618772,507168520.2884524
2025-09-24 00:00:00,112017.21,113999.98,111066.07,113348.17,4932.88303511,555481389.8818343
2025-09-25 00:00:00,113348.16,113561.35,108623.7,109035.72,9197.26639402,1022204719.9286076
2025-09-26 00:00:00,109036.0,110369.99,108645.02,109697.29,6826.16968974,747036044.2988031
2025-09-27 00:00:00,109697.29,109815.08,109116.0,109681.16,1950.48703402,213729263.78810006
2025-09-28 00:00:00,109681.15,112385.84,109230.98,112197.67,2397.09714427,265775533.035049
2025-09-29 00:00:00,112197.66,114490.0,111582.65,114365.07,5553.41779958,628418344.0029143
2025-09-30 00:00:00,114361.66,114850.0,112695.85,114067.71,5044.09158186,574995192.1846904
2025-10-01 00:00:00,114067.71,118718.8,113975.5,118659.97,9687.1228881,1127149978.7707052
2025-10-02 00:00:00,118662.72,121111.0,118336.01,120621.32,8816.90252269,1055231250.608758
2025-10-03 00:00:00,120621.33,123996.81,119327.83,122318.4,11835.08733617,1438745321.8544207
2025-10-04 00:00:00,122318.39,122896.0,121572.64,122458.56,2705.28818527,330887578.58061266
2025-10-05 00:00:00,122458.55,125750.0,122195.28,123520.79,5820.77013157,718755418.8357655
2025-10-06 00:00:00,123520.8,126296.0,123115.77,124720.09,9135.3086452,1136552661.8011942
2025-10-07 00:00:00,124723.57,125226.34,120636.0,121393.95,8699.84065383,1070036596.7233981
2025-10-08 00:00:00,121393.96,124254.31,121090.06,123343.25,6727.94848453,824310905.8642671
2025-10-09 00:00:00,123343.24,123822.08,119713.65,121714.51,6980.15210285,852614201.7151998
2025-10-10 00:00:00,121714.51,122600.0,107000.0,112980.28,22432.34375511,2603805083.2466526
2025-10-11 00:00:00,112976.01,113439.99,109683.96,110768.89,10041.88198008,1121851063.0685182
2025-10-12 00:00:00,110768.9,115847.0,109687.46,115067.98,9699.03564495,1094466678.9422114
2025-10-13 00:00:00,115067.96,116077.51,113700.27,115274.03,8147.76104518,937236484.5307953
2025-10-14 00:00:00,115274.03,115514.91,109945.86,113068.0,11955.35437582,1356343322.6848419
2025-10-15 00:00:00,113072.18,113671.99,110185.87,110804.12,7440.03782479,832789771.4626443
2025-10-16 00:00:00,110804.11,112021.07,107464.53,108198.0,14792.78754529,1621613883.8126833
2025-10-17 00:00:00,108197.99,109269.97,103516.75,106463.3,13824.34463474,1477297150.9184475
2025-10-18 00:00:00,106462.09,107535.68,106357.69,107208.91,3552.60959467,379742320.8002585
2025-10-19 00:00:00,107208.91,109499.0,106091.25,108676.78,4841.63812975,522262590.7934309
2025-10-20 00:00:00,108676.77,111748.6,107449.91,110568.06,6286.43529012,689061421.3235205
2025-10-21 00:00:00,110568.05,114082.29,107444.6,108362.27,12890.45189253,1419423119.055746
2025-10-22 00:00:00,108357.99,109188.27,106639.0,107585.98,9311.33986567,1005092189.9654422
2025-10-23 00:00:00,107588.02,111342.6,107511.46,110116.03,6881.35851313,751028216.6811107
2025-10-24 00:00:00,110116.02,112158.39,109725.51,111042.13,5915.09477083,655158928.3032008
2025-10-25 00:00:00,111042.13,111968.52,110693.01,111666.21,1478.94798996,164669718.50631166
2025-10-26 00:00:00,111666.22,115542.0,111260.33,114548.09,3808.17193597,431291313.74385613
2025-10-27 00:00:00,114561.69,116410.06,113833.12,114087.06,5491.52581938,630004220.47503
2025-10-28 00:00:00,114087.06,116114.13,112203.0,112906.75,5342.86134585,608165805.4171572
2025-10-29 00:00:00,112906.75,113690.17,109000.0,110032.13,6110.48087693,680751947.0573707
2025-10-30 00:00:00,110031.65,111629.2,106279.33,108308.18,8481.34743643,924993477.4331979
2025-10-31 00:00:00,108308.02,111066.1,108266.11,109555.27,6858.47522213,749623625.994184
2025-11-01 00:00:00,109555.63,110500.0,109342.47,110052.25,1707.44713625,187584560.40789005
2025-11-02 00:00:00,110052.25,111221.99,108800.0,110536.01,3777.57822519,416109921.5488806
2025-11-03 00:00:00,110533.83,110749.0,105271.67,106557.98,8657.30683772,937396908.6514666
2025-11-04 00:00:00,106557.98,107269.85,98892.97,101468.15,17052.82209797,1765772619.8237484
2025-11-05 00:00:00,101468.16,104550.0,98950.0,103869.0,10844.84576039,1108443985.328972
2025-11-06 00:00:00,103866.67,104191.19,100235.02,101290.5,9488.56911128,971590051.9904146
2025-11-07 00:00:00,101290.5,104041.99,99170.0,103284.27,9981.70774039,1017602064.6801399
2025-11-08 00:00:00,103281.79,103350.0,101422.74,102285.57,4365.22006206,447806209.1969266
2025-11-09 00:00:00,102285.58,105471.04,101372.58,104694.95,5545.42134633,573707318.759217
2025-11-10 00:00:00,104694.23,106653.0,104240.76,105979.38,7737.06153627,815423170.8433759
2025-11-11 00:00:00,105979.38,107482.0,102422.43,103009.35,6574.79380402,688534038.2285897
2025-11-12 00:00:00,103017.21,105316.64,100803.2,101639.01,6053.08600012,621615704.4926133
2025-11-13 00:00:00,101636.03,104050.0,97870.0,99614.54,12710.66743459,1281141758.671022
2025-11-14 00:00:00,99610.49,99836.1,93951.32,94503.96,19645.40043753,1905121891.6541765
2025-11-15 00:00:00,94501.08,96747.02,94222.2,95544.94,5157.02031554,491225833.3025872
2025-11-16 00:00:00,95544.94,96559.61,92943.83,94183.97,7161.13750207,678933750.8957839
2025-11-17 00:00:00,94182.03,95950.0,91158.35,92100.6,13319.956338,1243387887.6507578
2025-11-18 00:00:00,92100.6,93775.0,89183.48,92914.46,16182.4672286,1488679938.010483
2025-11-19 00:00:00,92914.45,92948.0,88483.12,91461.6,15642.23320328,1430510265.1429732
2025-11-20 00:00:00,91465.04,93080.91,85980.7,86536.88,18857.80134874,1683358279.4049664
2025-11-21 00:00:00,86531.87,87395.93,80524.65,85068.88,31211.5604643,2649247630.053638
2025-11-22 00:00:00,85068.85,85547.11,83441.91,84684.0,7330.52185107,620788669.9768283
2025-11-23 00:00:00,84683.99,88100.0,84614.11,86808.28,9786.06365257,842106386.0751743
2025-11-24 00:00:00,86808.28,89225.6,85213.17,88266.2,14868.61469913,1299194461.6226745
2025-11-25 00:00:00,88264.0,88486.82,86067.02,87325.01,10484.73675809,917788902.4943484
2025-11-26 00:00:00,87325.0,90628.53,86266.95,90468.84,11351.8707199,1006596826.5923102
2025-11-27 00:00:00,90468.83,91925.4,90067.81,91316.7,8201.73046924,745903793.9799339
2025-11-28 00:00:00,91316.7,93161.86,90220.5,90902.7,9580.37061817,875650089.8638101
2025-11-29 00:00:00,90902.69,91199.99,90200.0,90828.06,3143.58444031,285383036.015564
2025-11-30 00:00:00,90829.68,91980.8,90353.96,90369.51,3513.48557284,319317822.1406345
2025-12-01 00:00:00,90364.0,90433.7,83800.0,86282.36,16664.36191777,1461798077.392213
2025-12-02 00:00:00,86282.35,92342.0,86181.38,91308.05,13162.85699748,1171868690.2430131
2025-12-03 00:00:00,91308.05,94181.41,91024.47,93453.84,9741.98216681,901054854.408616
2025-12-04 00:00:00,93452.02,94087.05,90904.73,92093.54,6198.20707297,574166790.3968724
2025-12-05 00:00:00,92093.7,92716.42,88099.05,89345.29,8310.94183595,752668936.7183689
2025-12-06 00:00:00,89345.29,90296.32,88932.0,89267.97,3017.16860213,269917094.9281476
2025-12-07 00:00:00,89262.8,91779.99,87733.18,90402.29,4070.57697141,365515688.44677836
2025-12-08 00:00:00,90402.3,92291.96,89599.0,90653.86,6661.98775031,604487316.8625734
2025-12-09 00:00:00,90653.86,94640.66,89537.55,92690.0,9862.67083813,906187300.5395432
2025-12-10 00:00:00,92690.0,94500.0,91556.64,92035.99,8904.69319331,825426390.3896451
2025-12-11 00:00:00,92035.85,93594.76,89257.98,92542.0,9119.99377433,837741173.3245996
2025-12-12 00:00:00,92539.63,92791.26,89500.0,90278.0,6137.8902612,560249575.0521356
2025-12-13 00:00:00,90278.0,90657.0,89777.79,90255.32,1542.14542217,139166329.59646425
2025-12-14 00:00:00,90255.32,90496.16,87565.38,88171.61,3643.36533229,324704433.2397759
2025-12-15 00:00:00,88174.37,90064.74,85129.63,86417.5,9868.30482589,862949310.0554794
2025-12-16 00:00:00,86417.5,88148.0,85250.0,87854.01,7734.132664,672230528.3919686
2025-12-17 00:00:00,87854.0,90336.36,85267.69,86209.77,10021.43107061,876042988.9351163
2025-12-18 00:00:00,86209.79,89447.75,84400.0,85460.02,9840.74407994,850037470.7713283
2025-12-19 00:00:00,85460.85,89365.85,85052.78,88092.65,8046.9179144,700025791.6522315
2025-12-20 00:00:00,88092.65,88530.6,87780.0,88324.0,1807.74517583,159410246.1428206
2025-12-21 00:00:00,88322.01,89046.44,87501.01,88639.95,2361.91088803,208739431.12501535
2025-12-22 00:00:00,88639.87,90541.8,87846.17,88556.77,8901.70507789,791327332.1141337
2025-12-23 00:00:00,88555.03,88896.63,86533.86,87429.32,7050.61151888,619422379.7023431
2025-12-24 00:00:00,87429.32,88001.2,86350.0,87609.03,5007.9834145,437434267.8999047
2025-12-25 00:00:00,87609.02,88534.4,86899.0,87171.68,2819.32696132,246842013.59110463
2025-12-26 00:00:00,87171.46,89496.07,86569.53,87296.01,8673.64195064,760099585.259657
2025-12-27 00:00:00,87296.17,87914.62,86944.24,87808.0,1955.01185796,171045468.3744028
2025-12-28 00:00:00,87806.75,88000.0,87349.52,87877.29,1859.62245916,163197473.02372235
2025-12-29 00:00:00,87877.28,90325.0,86675.0,87110.78,10415.66618294,916547533.3351641
2025-12-30 00:00:00,87110.77,89343.52,86704.98,88397.5,8725.01685173,766834685.647442
2025-12-31 00:00:00,88397.24,89100.0,87082.64,87497.94,7261.18123917,639125215.327968
2026-01-01 00:00:00,87497.95,88798.99,87361.74,88738.34,4001.39765552,352520152.4100587
2026-01-02 00:00:00,88742.0,90935.22,88272.08,89957.99,11442.48043957,1023836791.2511268
2026-01-03 00:00:00,89958.0,90697.0,89284.13,90598.02,2951.65444679,266045270.5076233
2026-01-04 00:00:00,90598.01,91764.64,90598.01,91494.0,3198.89444605,291462996.92776024
2026-01-05 00:00:00,91489.03,94825.27,91479.28,93870.06,12349.57555407,1147472050.720168
2026-01-06 00:00:00,93870.06,94439.63,91203.13,93722.01,9651.48547871,900567635.4734489
2026-01-07 00:00:00,93722.01,93722.01,90576.24,91279.73,9317.16996001,860207693.2649983
2026-01-08 00:00:00,91279.73,91580.01,89200.0,91026.0,10333.23549339,937962613.9279433
2026-01-09 00:00:00,91024.01,91944.52,89583.58,90515.45,9272.64438525,841649092.9251044
2026-01-10 00:00:00,90515.12,90698.0,90251.43,90385.54,1733.85727298,156849102.5687419
2026-01-11 00:00:00,90387.36,91173.12,90109.0,90872.01,2262.85242889,205094472.80497488
2026-01-12 00:00:00,90878.51,92406.3,90003.46,91188.09,9683.74429824,882373968.2483175
2026-01-13 00:00:00,91188.08,96250.0,90925.17,95384.23,17153.5601987,1602774974.323106
2026-01-14 00:00:00,95385.59,97963.62,94518.63,96955.16,20696.88952587,1991159779.5034678
2026-01-15 00:00:00,96954.02,97176.42,95066.19,95587.65,10619.32790923,1021537610.9092427
2026-01-16 00:00:00,95578.2,95830.49,94229.04,95504.0,6286.36029783,598998559.8295603
2026-01-17 00:00:00,95503.99,95600.0,94980.12,95109.99,1754.07093263,167160372.62501335
2026-01-18 00:00:00,95109.99,95485.0,93559.78,93633.53,2607.76939988,246296192.0931714
2026-01-19 00:00:00,93630.0,93630.0,91935.3,92559.66,4993.56556058,464095691.30769885
2026-01-20 00:00:00,92559.65,92807.99,87767.53,88310.6,11134.88996796,1006164719.5836444
2026-01-21 00:00:00,88310.6,90500.0,87156.0,89363.71,12539.4399225,1113910768.7220752
2026-01-22 00:00:00,89363.71,90273.35,88408.65,89463.5,7075.16869109,632359492.3420799
2026-01-23 00:00:00,89463.51,91147.01,88440.65,89474.93,7381.22299218,661590273.1541564
2026-01-24 00:00:00,89474.94,89832.72,89007.01,89082.17,1801.82109589,160991291.4791057
2026-01-25 00:00:00,89082.16,89177.95,86000.13,86561.94,5428.58128865,476116680.49785054
2026-01-26 00:00:00,86561.94,88787.97,86411.7,88250.01,8219.90069049,719265189.2293808
2026-01-27 00:00:00,88250.0,89447.21,87180.01,89116.96,6475.09716863,573036678.1573747
2026-01-28 00:00:00,89116.96,90476.81,88706.32,89162.4,6636.13609913,593042433.4934741
2026-01-29 00:00:00,89162.4,89210.16,83216.21,84513.2,14860.94029344,1285850177.9029906
2026-01-30 00:00:00,84513.19,84599.0,81000.12,84110.99,15232.81199203,1272790173.06396
2026-01-31 00:00:00,84110.99,84138.0,75644.15,78648.0,14855.0734429,1197843080.7641728
2026-02-01 00:00:00,78648.0,79337.99,75612.75,76895.53,11545.9871474,896240712.6903363
2026-02-02 00:00:00,76895.99,79339.0,74502.21,78666.85,21193.37373311,1639328916.5469635
2026-02-03 00:00:00,78666.84,79123.75,72859.0,75661.49,16467.12531015,1261015734.5618455
2026-02-04 00:00:00,75661.49,76876.54,71703.72,72998.0,19764.62442772,1468708005.9348464
2026-02-05 00:00:00,72999.0,73173.96,62181.65,62791.0,49371.20579141,3346696427.686849
2026-02-06 00:00:00,62788.28,71707.18,60001.0,70527.7,43810.88328386,2902735635.290759
2026-02-07 00:00:00,70521.08,71648.05,67293.26,69244.74,11251.84383408,783992275.5511583
2026-02-08 00:00:00,69250.0,72232.17,68840.83,70279.33,8090.44858999,567549681.2741022
2026-02-09 00:00:00,70279.32,71380.13,68233.01,70101.99,15546.49393947,1088233005.002559
2026-02-10 00:00:00,70101.98,70489.99,67857.0,68803.65,11566.41314985,801704587.4495912
2026-02-11 00:00:00,68803.65,69248.0,65702.95,67024.93,15121.43118138,1023643507.0553552
2026-02-12 00:00:00,67032.71,68382.9,65065.47,66208.0,13823.46090185,921641517.5825865
2026-02-13 00:00:00,66207.99,69434.2,65799.71,68812.0,12104.28673482,817807674.2008427
2026-02-14 00:00:00,68812.0,70531.53,68697.63,69786.96,5586.9814678,388055139.41842866
2026-02-15 00:00:00,69786.96,70941.65,68020.0,68792.0,5965.51322769,413918045.0440379
2026-02-16 00:00:00,68792.0,70089.99,67251.81,68858.13,6626.85996745,455583253.07220316
2026-02-17 00:00:00,68859.55,69199.51,66569.58,67466.7,9122.62622708,620556021.2375625
2026-02-18 00:00:00,67466.7,68438.84,65812.57,66419.79,9687.16921753,649374302.7332842
2026-02-19 00:00:00,66419.78,67288.22,65604.63,66972.5,8505.29632895,566208484.6607434
2026-02-20 00:00:00,66972.49,68294.86,66427.23,67984.42,11349.70677085,765194393.0640143
2026-02-21 00:00:00,67984.42,68683.27,67516.93,67955.78,3287.0646747,223635773.849682
2026-02-22 00:00:00,67955.78,68241.4,67132.81,67617.98,3263.5334723,221061942.33668405
2026-02-23 00:00:00,67616.01,67656.42,63855.0,64625.78,15198.01176266,1002131097.0048332
2026-02-24 00:00:00,64625.78,64988.32,62534.61,64068.33,12517.40763597,801793283.2404078
2026-02-25 00:00:00,64068.33,70020.0,63912.25,67992.68,17322.54859823,1151920293.2879071
2026-02-26 00:00:00,67992.68,68866.86,66500.92,67490.51,10678.27331982,723055171.6495918
2026-02-27 00:00:00,67490.5,68223.07,64942.87,65859.94,10276.79604611,684733620.0518875
2026-02-28 00:00:00,65859.93,67761.55,63019.6,66967.85,9093.24916408,599265420.5916308
2026-03-01 00:00:00,66971.54,68200.0,65008.38,65769.0,8511.88788603,565931847.6126903
2026-03-02 00:00:00,65771.56,70128.74,65250.12,68832.01,17772.46881037,1199563579.1307254
2026-03-03 00:00:00,68832.0,69255.36,66138.2,68335.99,12823.7275946,873813767.490487
2026-03-04 00:00:00,68335.99,74100.0,67391.17,72683.26,21142.77079177,1493263264.0866687
2026-03-05 00:00:00,72683.26,73588.24,70639.01,70887.6,10891.71826063,783653982.5154502
2026-03-06 00:00:00,70887.61,71428.4,67725.14,68108.24,11045.21439575,768054911.6492703
2026-03-07 00:00:00,68108.23,68544.79,66921.33,67259.62,3245.05107908,219717516.65000507
2026-03-08 00:00:00,67259.62,68201.16,65618.51,65970.56,5505.17926548,367539324.267386
2026-03-09 00:00:00,65970.56,69543.0,65820.93,68432.17,13303.95615379,897240954.0985936
2026-03-10 00:00:00,68432.16,71800.0,68383.5,69960.83,13322.43399947,927829225.4572536
2026-03-11 00:00:00,69960.83,71358.48,68980.74,70208.0,9851.72870494,690872302.0379362
2026-03-12 00:00:00,70208.03,70819.84,69180.01,70531.56,9708.42046678,681384131.282089
2026-03-13 00:00:00,70530.02,73968.0,70398.01,70944.33,12304.21633821,879260406.9079572
2026-03-14 00:00:00,70944.32,71316.0,70236.02,71232.02,3174.08339322,225144368.91538644
2026-03-15 00:00:00,71232.01,73220.8,70868.41,72830.01,5785.61944649,416783339.9545031
2026-03-16 00:00:00,72830.01,74913.69,72276.24,74886.47,12657.43153702,933189423.6008377
2026-03-17 00:00:00,74886.46,76022.6,73400.01,73934.11,11357.85437394,846850651.6151936
2026-03-18 00:00:00,73934.11,74700.0,70474.83,71245.02,9248.1145105,671306667.6642841
2026-03-19 00:00:00,71245.01,71628.0,68772.78,69918.3,7794.02546506,548629421.8766115
2026-03-20 00:00:00,69917.19,71384.62,69360.0,70497.01,7315.89355875,514232000.0559377
2026-03-21 00:00:00,70497.01,71075.92,68562.13,68912.02,2856.70812643,199289015.27314058
2026-03-22 00:00:00,68912.02,69577.0,67332.05,67844.94,4889.89870785,334549767.17036635
2026-03-23 00:00:00,67844.94,71811.0,67425.0,70874.23,10354.71705596,719536784.8978152
2026-03-24 00:00:00,70874.22,71389.0,68889.0,70533.49,7238.74499869,509762756.1162355
2026-03-25 00:00:00,70533.48,72030.29,70357.1,71301.53,7665.36824144,544667339.6164641
2026-03-26 00:00:00,71301.52,71414.33,68102.36,68769.02,8225.19395173,574914798.2942362
2026-03-27 00:00:00,68769.02,69128.75,65498.75,66353.34,13681.42559929,922640660.0022234
2026-03-28 00:00:00,66353.33,67249.65,65876.61,66320.15,4011.39625322,266557020.2857125
2026-03-29 00:00:00,66320.16,67076.07,64938.66,65956.94,4588.31530898,303163562.4068349
2026-03-30 00:00:00,65957.95,68129.33,65736.63,66737.18,10707.53083699,713552772.7791666
2026-03-31 00:00:00,66737.08,68518.1,65924.82,68221.85,11831.5835043,796862621.1219757
2026-04-01 00:00:00,68221.84,69285.99,67525.59,68112.35,9804.6544448,669524971.9772047
2026-04-02 00:00:00,68112.34,68652.0,65696.96,66894.48,8813.97029196,593523460.7219284
2026-04-03 00:00:00,66899.11,67375.7,66275.01,66959.99,4181.03967015,279617281.9410723
2026-04-04 00:00:00,66959.98,67535.2,66770.64,67291.73,2412.86305009,161998147.3044244
2026-04-05 00:00:00,67291.72,69117.6,66600.0,69005.0,3810.37749315,259119310.6856255
2026-04-06 00:00:00,69005.0,70378.48,68332.0,68853.61,11182.35365631,773173343.6959573
2026-04-07 00:00:00,68853.6,72753.97,67710.01,71910.2,11156.72732306,784395414.2823768
2026-04-08 00:00:00,71910.21,72861.38,70684.65,71085.99,11083.24086941,793954138.5869701
2026-04-09 00:00:00,71083.99,73147.81,70468.74,71798.01,10707.78813462,766941443.5689586
2026-04-10 00:00:00,71798.01,73477.87,71431.55,72997.88,10066.64303661,729089985.3951102
2026-04-11 00:00:00,72997.88,73822.95,72564.35,73086.0,2795.93594516,204432671.27134016
2026-04-12 00:00:00,73085.99,73172.14,70512.7,70755.35,4443.04188961,319372715.5248863
2026-04-13 00:00:00,70755.35,74936.9,70576.27,74446.0,17452.66428951,1268435730.4115102
2026-04-14 00:00:00,74448.0,76127.18,73854.5,74179.04,21086.20700901,1574131321.1538758
2026-04-15 00:00:00,74176.09,75458.81,73545.0,74836.31,7732.11670824,576074029.1668401
2026-04-16 00:00:00,74839.97,75539.91,73298.01,75163.09,8138.95301491,608063173.7874147
2026-04-17 00:00:00,75163.09,78390.0,74558.21,77098.01,15414.90050977,1176192787.0763874
2026-04-18 00:00:00,77098.01,77450.15,75473.81,75736.82,4245.3427458,324512715.27277136
2026-04-19 00:00:00,75736.0,76278.36,73777.86,73823.14,5477.34091341,410273867.4035165
2026-04-20 00:00:00,73823.27,76600.0,73741.53,75864.86,8979.33512634,673516716.245462
2026-04-21 00:00:00,75864.86,76926.37,74817.27,76348.58,7556.91793671,574244677.460499
2026-04-22 00:00:00,76355.73,79523.0,76145.0,78208.52,11757.91950096,911921455.5254246
2026-04-23 00:00:00,78208.52,78722.96,76979.99,78281.32,9366.75503457,731058346.8722388
2026-04-24 00:00:00,78281.32,78607.38,77289.0,77461.8,7766.77212029,605108245.0452789
2026-04-25 00:00:00,77461.79,77911.09,77179.2,77650.72,2871.67459101,222700374.70503923
2026-04-26 00:00:00,77650.72,78943.0,77346.44,78673.83,3942.05709744,308085549.50963426
2026-04-27 00:00:00,78673.84,79496.0,76447.51,77364.42,9288.76247228,724481139.3028724
2026-04-28 00:00:00,77364.48,77478.99,75646.84,76317.99,6625.83124653,508215005.2086875
2026-04-29 00:00:00,76317.99,77906.84,74914.0,75752.88,9665.58304734,736739035.862626
2026-04-30 00:00:00,75752.87,76655.95,75290.1,76305.78,6282.45727649,477474134.90053993
2026-05-01 00:00:00,76305.78,78961.14,76275.01,78234.05,8786.48048854,680460151.0220894
2026-05-02 00:00:00,78234.05,79155.0,78034.28,78682.31,2444.21427844,191935372.5566336
2026-05-03 00:00:00,78682.31,79428.6,78073.01,78558.89,2766.87588315,217713572.59596565
2026-05-04 00:00:00,78558.88,80750.0,78205.0,79852.37,11539.41548269,915555254.7333163
2026-05-05 00:00:00,79852.37,81799.6,79789.5,80907.72,9129.50056534,735721778.0854728
2026-05-06 00:00:00,80907.72,82814.23,80699.66,81438.1,8276.53099017,674246997.0657023
2026-05-07 00:00:00,81438.11,81709.17,79456.0,80005.38,7038.15097074,567642113.3870327
2026-05-08 00:00:00,80005.38,80487.39,79520.44,80188.82,3086.74170459,247095239.97384462
2026-05-09 00:00:00,80188.82,81065.32,80115.33,80655.96,2056.58900174,165568489.4046486
2026-05-10 00:00:00,80655.97,82450.0,80273.86,82199.99,3971.08807704,323226535.33170736
2026-05-11 00:00:00,82199.99,82379.0,80417.72,81727.06,7031.61760564,574349153.3282685
2026-05-12 00:00:00,81727.09,81778.0,79802.51,80484.72,5247.36830885,424764389.65425444
2026-05-13 00:00:00,80484.72,81293.93,78699.83,79288.26,7960.11188101,636344756.5564588
2026-05-14 00:00:00,79288.26,82066.22,78885.42,81079.39,13222.23476392,1062139771.639023
2026-05-15 00:00:00,81078.04,81650.0,78591.99,79058.51,6789.73368724,543821241.4266919
2026-05-16 00:00:00,79058.5,79182.02,77608.95,78105.45,3053.43839711,239660501.9223996
2026-05-17 00:00:00,78105.46,78570.0,76673.54,77407.59,2500.63873433,194272491.47557664
2026-05-18 00:00:00,77406.57,77764.28,75992.0,76943.98,8825.37701993,679789734.2913698
2026-05-19 00:00:00,76943.96,77350.08,76061.12,76767.48,4874.41365584,374260697.60840803
2026-05-20 00:00:00,76767.48,77782.61,76433.52,77475.99,6016.20525065,463939066.2833497
2026-05-21 00:00:00,77475.98,78123.68,76619.02,77547.62,6038.75037562,467650340.1198544
2026-05-22 00:00:00,77547.25,77833.02,75266.73,75443.91,5132.27865239,392735960.7709073
2026-05-23 00:00:00,75446.99,77305.0,74197.11,76650.0,5619.0521439,426484793.43527764
2026-05-24 00:00:00,76648.65,77412.32,76000.0,76975.99,3695.06880542,283630673.2517471
2026-05-25 00:00:00,76975.99,77834.55,76807.04,77249.07,3335.38172719,257547045.13709733
2026-05-26 00:00:00,77249.07,78015.46,75555.0,75826.1,8614.2448817,660380137.180793
2026-05-27 00:00:00,75826.1,76033.66,74113.95,74315.98,6385.20290985,479352650.5964886
2026-05-28 00:00:00,74316.71,74462.4,72445.11,73512.56,8579.08613888,632143055.979031
2026-05-29 00:00:00,73512.55,74224.84,72364.13,73366.77,9057.16460696,664497652.3632684
2026-05-30 00:00:00,73366.77,74029.01,73107.24,73770.69,4015.02525805,295379094.6075202
2026-05-31 00:00:00,73770.69,74156.59,73288.0,73575.17,3318.87878933,244593442.9505115
2026-06-01 00:00:00,73575.18,73978.52,70555.0,71314.42,10835.86426218,784037410.6641585
2026-06-02 00:00:00,71314.43,71315.67,66100.01,66658.35,15741.32305621,1083744678.703041
2026-06-03 00:00:00,66658.45,67416.5,63985.01,64040.0,15790.02945596,1034641522.2014846
2026-06-04 00:00:00,64039.99,64695.0,61309.25,63806.02,25533.586511,1620426893.6374607
2026-06-05 00:00:00,63806.02,63906.02,59073.01,61032.0,28732.71500543,1780114167.784099
2026-06-06 00:00:00,61031.98,61499.41,59448.45,60850.48,9073.41539934,550825091.228665
2026-06-07 00:00:00,60850.48,64234.45,60706.4,63302.73,9793.1727327,609855289.0673845
2026-06-08 00:00:00,63302.03,64200.02,62365.43,63062.98,11755.65646469,743340899.3040038
2026-06-09 00:00:00,63062.97,63490.49,60713.5,61685.8,11218.32861079,698208467.5607841
2026-06-10 00:00:00,61685.81,62809.04,60708.92,61449.46,9040.95804487,557495376.0154176
2026-06-11 00:00:00,61449.47,63866.82,61449.47,63563.42,9449.25103044,591355815.5160501
2026-06-12 00:00:00,63563.44,64347.32,62739.81,63538.43,8179.86676422,519808038.2325794
2026-06-13 00:00:00,63538.44,64727.27,63400.92,64429.99,4146.44545759,265472666.67578807
2026-06-14 00:00:00,64424.98,65764.16,63640.0,65706.62,4719.21113394,306201012.06189495
2026-06-15 00:00:00,65704.23,67264.0,65302.08,66276.8,8071.56079236,533827020.202037
2026-06-16 00:00:00,66276.79,66944.0,65300.03,65616.64,6347.81359553,419173839.91919035
2026-06-17 00:00:00,65616.64,66384.01,63851.02,64446.04,7644.1962471,497441694.477681
2026-06-18 00:00:00,64446.05,64752.51,62159.76,62879.01,7475.48695466,475136960.9506474
2026-06-19 00:00:00,62879.01,63595.93,62246.24,63475.2,3592.2486366,226488025.55261388
2026-06-20 00:00:00,63475.08,64312.73,63131.38,64222.99,3866.36413615,246618143.59278193
2026-06-21 00:00:00,64223.0,64508.4,63171.19,63235.63,3741.2101443,238631424.2156613
2026-06-22 00:00:00,63235.63,65553.39,63235.61,63950.61,7944.1273781,508374978.04992956
2026-06-23 00:00:00,63950.61,64211.95,61862.27,62644.86,6931.61213742,437852072.4905372
2026-06-24 00:00:00,62644.86,63156.34,59010.74,60983.13,15635.11089006,960758293.920015
2026-06-25 00:00:00,60983.14,61868.39,58000.0,59703.65,15027.87126075,903758069.0366358
2026-06-26 00:00:00,59703.66,60660.0,58243.36,60002.53,14344.89687871,855707347.2563494
2026-06-27 00:00:00,60002.97,60838.92,59765.1,59934.84,4263.41546366,256382439.4197687
2026-06-28 00:00:00,59934.84,60455.0,58810.11,59474.01,4245.96241874,253350166.12296355
2026-06-29 00:00:00,59473.99,60702.63,58800.0,60162.73,10607.13260857,634145699.3443086
2026-06-30 00:00:00,60162.73,60191.99,58056.0,58523.93,9465.93232684,560701840.6958803
2026-07-01 00:00:00,58523.93,61287.33,57717.55,59961.45,10684.76298705,634381784.9582204
2026-07-02 00:00:00,59961.46,62147.89,59520.02,61484.02,9926.92193918,603341911.2248559
2026-07-03 00:00:00,61484.02,62899.99,61162.79,62520.22,5258.18045215,326095288.84677577
2026-07-04 00:00:00,62520.22,63410.0,62274.16,63086.45,3145.81597083,197628676.58428162
2026-07-05 00:00:00,63086.46,63940.79,62384.08,63580.44,3932.92874482,248749651.10897255
2026-07-06 00:00:00,63580.45,64658.85,61250.0,64001.84,9896.48050701,627167531.4274356
2026-07-07 00:00:00,64001.85,64272.92,62583.0,63323.27,8692.3130837,552355294.9051182
2026-07-08 00:00:00,63322.07,63720.88,61453.09,62237.7,7237.78820087,453689426.2330016
2026-07-09 00:00:00,62237.7,63448.46,61636.05,63175.25,6006.35289135,376144035.7867078
2026-07-10 00:00:00,63175.25,64669.42,62865.01,64128.49,7404.52499746,471738900.01799023
2026-07-11 00:00:00,64128.49,64458.7,63769.84,63773.04,2617.29724763,167592131.8115698
2026-07-12 00:00:00,63773.05,64250.56,63588.2,63740.32,2633.31782959,168105829.18819588
2026-07-13 00:00:00,63740.32,64388.01,61750.9,62264.94,9591.1892568,604590613.6171882
2026-07-14 00:00:00,62264.94,65055.04,62190.4,64988.64,7504.53812142,477474399.36350775
2026-07-15 00:00:00,64988.65,65559.5,64431.11,64716.63,5757.28000036,373785488.4181726
2026-07-16 00:00:00,64712.04,64946.07,63690.78,63770.6,5101.5478066,327926842.56090266
2026-07-17 00:00:00,63770.6,64353.56,62452.52,63894.0,7455.05858276,474273456.74869335
2026-07-18 00:00:00,63893.99,64827.93,63842.35,64796.36,3120.98182893,200804462.42799428
2026-07-19 00:00:00,64796.36,64918.7,64238.08,64681.78,2337.25546535,151123970.07509002
2026-07-20 00:00:00,64681.79,65756.09,63702.01,65213.05,8359.60489964,542022026.9900098
2026-07-21 00:00:00,65213.05,66923.95,65106.79,66516.18,7284.09774035,480313350.3679459
2026-07-22 00:00:00,66516.17,66698.55,65484.0,66086.61,5859.41989993,387872107.952883
2026-07-23 00:00:00,66086.6,66287.74,64564.09,65051.23,6960.21139899,455875854.48737866
2026-07-24 00:00:00,65051.24,65762.78,63641.0,64083.32,7327.49813634,473609801.13060933
2026-07-25 00:00:00,64083.31,64387.43,63732.0,64295.61,2180.46852205,139821644.5331909
2026-07-26 00:00:00,64295.61,65511.36,64229.6,65341.07,2390.56790196,155014965.16753405
2026-07-27 00:00:00,65341.07,65705.08,63545.0,63694.43,5069.45269918,327341632.67256796
2026-07-28 00:00:00,63693.44,64041.02,62645.39,63847.12,6232.18054403,396097094.0504246
2026-07-29 00:00:00,63847.12,64665.3,63194.45,63896.14,8092.70552294,517129972.67677206
2026-07-30 00:00:00,63896.14,65118.08,63502.91,64721.9,8025.87127027,516141835.11728066
2026-07-31 00:00:00,64721.9,65360.0,62358.96,62825.9,8260.37090197,527149529.13603985
2026-08-01 00:00:00,62826.69,63093.0,62209.81,62764.2,3060.55404241,191968431.93755046
2026-08-02 00:00:00,62764.2,63730.49,62743.87,63499.49,3283.94724012,207494605.44270262
2026-08-03 00:00:00,63499.49,64032.43,62210.14,63466.51,7086.70328594,448603501.2617921
2026-08-04 00:00:00,63466.51,64497.24,63250.0,64050.51,6227.77436334,397432053.57623905
2026-08-05 00:00:00,64050.51,64988.78,63814.8,64603.03,6932.34404967,446195333.4692938
2026-08-06 00:00:00,64603.02,64944.16,64087.41,64267.3,4520.43206155,291456993.07258534
2026-08-07 00:00:00,64267.3,65348.97,64099.35,64891.61,6181.48293213,399644044.59260434
2026-08-08 00:00:00,64891.6,65150.16,64789.89,64908.72,2494.26436439,161965287.2211184
2026-08-09 00:00:00,64908.71,65426.0,64675.22,64848.69,3044.21136585,197766141.12952405
2026-08-10 00:00:00,64848.68,65341.83,63733.03,63911.88,6197.02944527,399453422.44338936
2026-08-11 00:00:00,63911.88,64439.38,63158.0,63531.75,6020.29333133,383855422.929667
2026-08-12 00:00:00,63531.75,64416.3,63235.88,63411.72,6570.08215862,418178584.4318155
2026-08-13 00:00:00,63411.71,63649.21,63309.0,63367.21,358.18211863,22721025.69962393
